DAX,SMI,CAC,FTSE
-0.928319263,0.619748525,-1.257897112,0.679325585
-0.441241177,-0.586319218,-1.856612396,-0.487765222
0.904445039,0.327653997,-0.576251455,0.906788661
-0.177663722,0.148447242,0.878168725,0.578853627
-0.466579325,-0.889363216,-0.510707446,-0.720408902
1.250457901,0.675999043,1.178323514,0.85535917
0.577648321,1.230019609,1.320265206,0.823988102
-0.286555662,-0.358065274,-0.193467623,0.083718705
0.637125719,1.107511046,0.017103763,-0.521808405
0.118476933,0.436986541,0.313515362,1.40546168
-0.575905428,0.388676181,-0.244345948,0.95952616
-0.5139317,-0.179138977,0.148105953,0.164267835
-0.517813648,0.34155378,-0.034127752,-0.534947286
0.200432935,0.040385392,0.341394026,-0.227692066
0.177874614,-0.328719723,-0.039693791,0.668896321
0.267874148,0.509170862,0.34604039,1.149110807
-0.66238151,-0.805940936,0.520097236,-0.285946134
-0.478663689,0.029017469,0.112479613,-0.034876962
-0.524971799,-0.266883268,-0.696590079,0.376027291
0.04984579,0.127981385,-0.554392714,0.220136716
0.680056049,0.238205903,-0.073951874,0.023121387
0.162061522,0.110125775,-0.108163498,-0.261981815
0.074106553,0,0.689576566,0.112021014
-0.050601978,0.254747568,-0.016979851,0.385847127
0.209919305,-0.433125433,-0.24341919,-0.626513434
-0.560049782,-0.417609187,-0.153217569,-0.468012687
1.108440005,0.378589318,1.30150611,0.936540629
-0.091919087,-0.023209934,0.398339318,0.123200123
0.190140888,0.313406849,-0.335289187,-1.153579943
-0.423638022,-0.364498959,-0.173815531,-0.046681709
1.468138084,0.139364729,1.595147158,0.603253678
-0.0224184,0.527689185,0.635780628,0.924600565
0.24544562,0.31149054,0,0.321987121
-0.03083229,-0.736055204,0,0.145193336
-9.17876149,-8.040783223,-7.295500742,-3.071346814
1.495518771,2.721431271,2.257777778,0.551072623
5.207048574,3.366858825,3.900092721,1.855549031
1.174819942,0.937407298,1.46131965,0.810945847
0.874581662,0.981602304,0.791600242,0.674799848
0.942151184,0.477299185,1.085355877,0
-0.380727559,-0.556134863,-0.199633107,-0.791456811
0.276459616,0.535943143,0.113531924,0.167951752
0.07210548,0.672152045,0.318608921,0.533495923
-0.101117132,-0.046045816,0.355278032,0.28428474
0.220622106,-0.241851895,-0.042911549,1.281324413
0.241303401,-0.069268067,0.520525892,-0.39558143
-0.48023843,-0.248382625,-0.661968823,-0.164855751
-0.027886393,0.052116509,0.424548581,-0.048787811
-0.162513871,-0.439865725,-0.444159041,0.153944355
-0.471328527,-0.279037321,-0.241883466,-0.532353603
-0.784182101,-0.390579457,-0.829786088,-0.844263531
0.174683233,0.251653304,0.11409943,-0.159647256
0.219815306,0.029188558,1.009443178,0.582502094
0.087610739,0.262620368,0.805931657,-0.609409894
-0.151807303,-0.948777648,0.111928366,-0.754055907
0.283845338,0,0.005323963,-0.445126631
-0.888250397,-0.987248046,-0.479131175,-0.416281221
0.21156254,0.136506618,0.588424093,0.197398978
-0.527481997,0.201517307,0.27121889,0.448101364
0.123133659,-0.372648764,0.153805357,-0.799907703
0.598225101,-0.261236122,-0.169455624,-0.112424889
-0.123479543,-0.41669147,-0.387226819,0.822789723
-0.675979062,-0.585809074,-0.074551361,-0.084687043
-0.123854347,0.372797787,0.389022116,0.130990908
-0.454489087,-0.275564608,-0.169869413,0.873412851
0.239805166,0.456538716,0.361586728,0.91162223
-0.114334004,0.920887401,-0.482144749,-0.052918053
0,-0.053327013,-0.596283874,-0.703426367
-0.161121756,-0.01185677,-0.814096728,-0.038086533
-0.982621862,-0.640341515,-0.448188347,-1.082069649
-0.431056182,0.095476787,0.244087655,0.127108851
-0.902500837,-0.250387504,-0.254315243,-0.59242162
0.010841906,-0.490078891,0.010849517,-0.514685964
0.098841955,0.378378378,-0.53156867,-0.614594679
0.129323251,0.065817029,-0.02181263,0.763209393
0.869736725,0.227218369,1.281771572,0.085453486
-0.971357567,0.978403532,0.350045775,0.089261458
-0.517194158,0.230414747,-0.423956209,0.376114773
0.210642235,1.155319776,0.468876314,0.479004906
0.329674542,-0.163160655,-0.976290098,-0.976509938
0.424111976,-0.478608533,-0.498374865,-0.628955235
0.842739379,0.363615037,-0.348432056,0.062512209
-1.104829937,-0.087652662,0.065559441,-1.280699699
-0.041329671,-1.239911101,0.174710636,-0.537910849
0.452906041,0.609972758,0.942882058,1.74175846
0.604107169,0.064747778,-0.124183359,-0.203244088
-0.171205932,-0.411764706,0.64871878,0.932127051
-0.393440142,-0.537507383,-0.273928456,-0.430716697
-0.455129544,-0.279113962,0,-0.643024162
-0.285518066,-0.315626489,-0.818656757,-0.851147284
0.64537112,0.597407253,0.293239207,0.518237202
-0.270559685,0.267236772,-0.584763658,-0.263686095
0.515902766,0.325752191,0.136158161,0.149948702
1.777429427,1.593954779,1.033394974,0.827423168
-0.311766386,-0.174327387,0,-0.160218835
1.163746916,0.913906514,0.043066322,0.806293788
-0.52837718,-0.22496539,-0.624192854,-1.125994952
0.731770737,0.341099613,1.175005415,0.592970744
-0.006760577,-0.086425444,-0.283649987,-0.585571518
-1.307338181,-2.006804683,-2.946543581,-1.716013508
-0.996450146,-1.218148649,-2.388984129,-1.59015542
0,-0.184677708,-0.090646422,0.385692826
0.85299113,-0.322291853,0.141763538,-0.368033649
-0.218928932,-1.071792108,-1.398640997,-0.698193627
-0.55571183,-1.041036194,0.114856716,0.404692801
0.794538803,1.217125382,1.474215568,0.622913444
-0.850639227,-0.779503293,-0.627473149,-0.9710702
-0.122023323,-0.200974421,-0.170658172,-0.772216547
-1.061766336,-0.982486117,-0.866146219,-0.345878284
-1.352589971,-1.633181314,-1.776168305,-0.218990166
-0.029035817,1.021239271,0.78417603,0.219470786
0.341431301,0.78144381,-0.481941702,0.148748037
0.184607468,-0.892307692,-0.624307136,-0.693126496
-0.141892239,-0.24216082,-1.027477689,-0.760282509
0.286116594,0.255197311,-1.322892567,0.874952903
-0.72575268,-0.47184454,-1.59312252,-0.730411687
-0.287386014,-0.723598029,0.531492455,-0.493311037
0.40285235,0.860823123,1.579970831,1.810772204
0.439940395,1.009220035,0.999042833,1.167828994
-0.337180401,0.067842605,0.503465024,-0.440528634
0.715952004,0.252696456,0.878123527,-0.323664372
0.472841979,0.049182344,-0.321317988,-0.793291956
-0.701785669,-0.76809635,-1.289415074,-0.911501492
-0.858740685,-0.78023407,-2.119700748,-1.400735909
-0.200534327,-0.249641141,-0.903851987,-0.538569187
0,1.795657887,4.009549461,1.662829368
0,0,0,0
0,0,1.377199694,0
1.393597231,1.76398279,-0.104499274,1.438517027
0.830419301,0.869722776,1.232056721,0.053747881
0,0,1.366324129,3.020661157
0,0,0,0
1.326984771,0,-0.894829246,-0.012033212
0.36666479,2.029818574,1.165780902,0.45330552
0.039899006,0.457746479,0.977235497,-0.435286131
-0.687983349,-0.660123846,-0.497874245,-0.413123696
-0.751105952,-0.599823581,0.387923765,-0.636352652
1.103889535,1.484943501,2.704973118,1.24842933
0.917993421,0.472193075,0.190850101,-0.800672565
0.410826486,-0.237888019,-0.712963971,0.492352395
0.559103953,0.872397348,1.068903141,1.05216658
2.098176753,2.21402214,1.616227357,0.8266105
0.023441726,-0.705099278,-0.715200683,0.177367861
0.312483099,-0.744191331,0,-0.192791942
0.949505478,0.171703297,0.306418665,0.323254622
0.114530543,0.291395269,0.10718688,-0.058941412
-0.411364081,-0.039879223,-1.424059104,-0.84139341
-0.4934142,-0.193776359,-0.141204584,0.130848533
-0.13876926,0.07423481,0.609126013,-0.590028907
1.029637261,0.964336662,1.048705335,1.175111536
-0.071144417,-0.1017294,1.13946397,0.476396709
-0.860273745,-0.995700385,-0.581825875,-0.215517241
0.721120759,-0.165714286,-0.303256012,0.168859219
0.156857153,0.366321332,0.074710497,0.799749098
-0.002372901,-0.03992016,-0.975843865,-0.427815806
-0.408741976,0.005705157,-0.026925148,-0.132802125
0.421737343,0.673170175,0.500942634,-0.379380476
-0.126938933,0.685668952,-0.278700825,-0.502532292
0.171050834,0.140702386,0.053746103,-0.674742532
-0.169572925,0.325970887,0.21486893,0.842205625
-0.272609029,0.733852445,-0.080403087,-0.051213363
0.350774801,-0.228005784,-0.134112977,-0.528162075
-0.250440645,0.061312078,0.800386764,-0.043586797
-0.276057377,-0.824420677,-0.607513989,-0.344882264
0.733219184,0.511121096,0.911479277,1.078006285
0.479134833,0.262643196,1.599277403,0.586383314
-0.371931272,-0.546204437,0.167346512,-0.751203099
1.248935062,0.879847568,1.869061293,0.264122679
-0.003506004,0.21665463,0.57400574,-0.043249194
1.085146293,0.676274945,0.718507949,0.68441962
-0.764801776,-0.313842088,-1.16367316,-0.503965308
1.557120638,0.629660315,1.423086767,0.714622271
0.103822504,0.345792854,0.191793267,-0.116959064
0.091108603,0.678262772,-0.085638003,0.003903201
0.144839589,0.027165055,-0.186548351,-0.304437766
0.832909352,0.282439846,0.207102086,0.434561328
-0.090143209,0.200400802,0.216755721,-0.272861932
0.0011349,-0.594594595,-0.759519139,-0.78564728
-0.880672307,-1.022294725,-0.309173847,-0.204861521
0.38528255,-0.274695088,0.477909401,0.694800837
-0.016538352,0.29748788,0.890553054,0.944838672
-0.760319642,-0.741513787,-1.298961834,-2.035109523
-0.917304642,-0.868795307,-1.331300813,-1.153663178
0.609076987,0.826169476,0.272942631,-0.693859544
-0.650938066,-0.415236408,-0.919315906,-0.214054927
0.568152142,1.084116306,0.746423388,0.82972437
-0.174849387,0.126498735,-0.792344104,-1.06374438
-0.239899647,0.703103543,-0.321543408,0.117661379
0.299002167,0.207276496,-0.150884495,-0.445777273
-0.966549194,-1.028795384,-1.79771768,-0.635024017
0.11842466,0.324496755,0.620821394,0.725112659
0.166647244,0.328929335,1.687496704,0.252165779
-0.049445627,0.300530026,0.337084479,0.296158059
-1.127336007,-0.375898889,-0.584039694,-0.982930184
0.937110028,0.574178378,1.055367819,0.20425671
0.209358744,-0.108742932,-0.072023871,-0.521831302
-0.678557919,-0.571521881,-0.736202636,-1.2909307
0.977330388,0.61860185,0.720916965,-0.132857261
-0.417205823,-0.48422198,0.036045314,-0.943709986
1.316878183,0.76540375,1.652339527,0.763839342
-0.078790876,0.401497477,0.030382824,0.137448457
-1.303089081,-1.264523102,-3.437278526,-0.457532651
0.552260653,0.109463084,1.892529489,1.805114491
0.55270728,1.033295063,1.569252933,5.590215071
-0.219752332,-0.405844156,-0.547084747,0.715229729
0.260121621,0.72262972,0.458411858,0.366653802
0.570206289,1.095048009,0.932920955,1.526629494
0.1450397,-0.149405048,-0.627919827,-0.06060147
0,0,0,0
0,0,0,0
0.033774501,-0.577138887,0.111212213,-0.485105738
0.322180066,0.763235689,0.166633003,-0.68550537
-0.452341566,0.288046087,-0.282300751,0.076692998
0.031515554,-0.287218765,0.343764218,1.272128132
-0.160392274,0.048007681,0.544108016,0.575104048
-0.644894774,-0.858391981,0.546174275,-0.27085998
-0.028873695,0.79053509,1.500049836,0.524330441
-0.178490971,0.314800982,-0.274954583,-0.40526849
0,0,0,0.214762066
0.185175541,1.468007021,0.516961253,0
0.146133808,0.670965036,0.259600313,0.090232348
0.689806324,0.874772195,0.01465631,1.371046503
0.388937896,-0.025809116,0.791324736,0.11857561
-0.253342235,0.635068154,0,0.880861616
0.147014238,0.74906367,0.68333818,0.443922662
-0.159364825,-0.656923155,-0.669073406,-0.562495434
-0.121287709,0.138404757,-0.503973638,-0.069791361
-0.598582877,-0.435116458,-1.7631015,-0.948355082
-0.888586675,-1.228791774,0.347050074,-0.449029577
2.539071585,0.936963198,1.363636364,0.782822635
0.179746993,-0.572430509,-1.38915968,-0.11096316
1.055038602,0.280082988,0.380604024,0.418425535
-0.103058138,-0.398262129,-0.689383494,-0.365057709
1.16957097,0.311575012,1.403213011,0.481125093
0.438368007,-0.155303619,0.058676837,0
-0.707376692,-0.21776326,-0.81610712,-0.38305709
-0.372879284,-0.535203949,-0.76369728,-0.221844265
0,0,0,-0.163047506
0.756358768,0.334343329,0.95327938,0.497364709
-0.450076397,0.140581068,-0.781980032,-0.369330773
0.132908471,0.369157178,0.371765639,0.307680902
-0.801390632,-0.787401575,-1.595140501,-0.923907018
0.288883042,0.088763576,0.11542708,0.037300906
-0.128394786,-0.161719443,-0.666700085,-0.499645774
0,0,0,-0.850665168
-0.242586848,-0.736754102,-0.979006863,-0.393075818
0.265589367,-0.615886719,-0.433187239,0.026561433
-0.542624829,-1.016949153,-1.274504786,-0.834566215
0.406239114,0.593964041,-0.025922854,-0.39784247
-0.767780097,-0.755359328,-0.528963336,-0.387909513
0.472014662,0.836147291,0.693394505,0.875231339
-0.441732805,-0.435868814,-1.170135653,-0.684172304
0,-0.565906786,-0.890611903,-1.373922414
0.146018323,0.365100671,1.168199598,0.862371717
-0.316380873,-1.198309528,-1.46820628,-1.334726091
0.094311918,0.010828957,0.530278927,0.403874054
-0.55518255,-0.4764225,0.200443085,-1.093493712
0.102124762,0.407985639,1.089703095,0.975282319
-0.652931675,-0.558023621,-0.260375983,-0.90720682
0.179709384,0.604739853,-0.417689135,-0.722149876
-0.058656705,0.444059352,-0.351281917,0.214643453
0.282059318,-0.512184602,-1.036514785,-1.082817706
-0.003409285,0.498563919,-0.393428678,-0.713741529
0.946676971,0.862766244,0.539097945,0.848107912
-0.367013791,-0.422346966,-0.801656403,-1.125305354
-0.169493441,-0.322130355,0.567299973,1.000405022
-0.831361985,-1.023376064,-1.665691022,-0.846132253
0.449697253,0.495211145,0.757657755,1.02321443
-0.559605038,0.530676342,-0.128907509,-0.284238761
-1.078659902,-0.79181255,0,-0.501846796
0.235064455,-0.36920404,0,0.229996368
-0.096225317,0.51226158,-0.328062816,0.096618357
-0.176486873,-0.298199957,-0.11331139,-0.120656371
-1.80958874,-1.810865191,-2.668539326,-2.073769832
-2.750873807,-2.713779353,-1.881451881,-1.159587154
0.083499222,1.679380622,-0.294134284,0.4950701
-1.044683179,-1.623649292,-1.996936518,-1.146713032
-0.855322243,0.324398156,0.410998553,0.485782487
-0.582323254,-0.340367597,0,-0.929360283
0.273962414,0.290300546,1.199123717,-1.228335857
-0.037087861,0.942164709,0.774752193,1.081771721
1.263928567,1.922968794,1.842849067,2.098255667
-0.941610386,-0.364097755,-1.054618117,-0.478705844
-0.845148564,-0.442943359,-1.565129586,-0.497594958
-0.210134971,-0.17796563,1.692597025,0.858476413
0.280354617,0.584990807,0.179331988,-0.524750021
0.95240462,0.825301872,0.581785634,-0.6105919
-0.422784841,-0.0384552,-0.233592881,-0.63523905
-0.377610363,-0.549571334,-0.919834987,-1.156628533
-2.047817564,-0.536030062,-1.24345918,-1.038253691
-1.11213148,0.022223457,-0.991340018,-0.692264695
-0.865895132,-0.388824085,-0.443088963,-0.281434015
0.049099731,-0.473986505,-0.445060979,0.646954105
0.744529035,0.386597938,1.805620065,1.673856773
-0.346118347,0.474409778,0.216709438,0.818906993
-1.472252952,-0.644372847,-1.172252888,-0.900635495
-0.374052628,-0.721234485,-0.143951172,0.373720644
-1.121129123,-1.250211184,-0.57663476,-0.173471546
1.391622433,0.838323353,1.159958242,0.267017038
-2.945040293,-2.279153942,-3.12464167,-2.307984952
-1.410129498,-1.059089068,-1.302006273,-1.302410108
0.756815093,-0.292466074,0.005996282,0.175361683
2.780131651,2.111932418,1.187192709,1.164113786
0.235469488,0.293002413,-0.005925575,0.04326008
0.67645375,0.343701667,-0.154074074,0
-0.884331065,-0.251184564,-0.635052525,-0.614027502
-0.060008968,0.600927145,2.221956755,0.635224504
1.871292551,0.932984412,4.037630011,2.978815391
-0.593954232,0.011272686,-0.084245998,-0.827070826
0.256724354,0.78336339,0.016863406,0.42333418
-0.126733651,-0.016775709,-0.876749283,-1.454346177
-0.838154239,-0.497762864,-0.391222997,-0.436326304
0.214590866,0.770052274,0.990437158,0.562835661
0.202999149,1.070950469,1.566903393,1.294539862
4.659521631,3.316777042,3.97336293,2.159517483
-1.324383391,-1.105710165,-1.996157131,-2.151025969
0.936536965,1.188289943,1.285263043,0.35021097
-0.979255089,0.86473791,-0.38176148,4.440146323
1.337157401,0.4180779,1.630053436,3.345545312
-2.161078102,-0.458498024,-3.016623294,-0.26879626
-0.574074074,0.614146548,0.366902141,1.011679231
-0.916500215,0.684066512,-0.212789175,-0.212683681
-0.417439102,-0.182920456,0.032806605,1.577213718
-1.668944868,0.047122886,0.765236403,-0.770639402
-1.961394357,-1.653757588,-3.970707893,-1.576316801
0.189057615,0.053214134,-2.169123877,0.21484375
-0.925982087,-0.101053079,0.277152261,-0.487234457
0.999258549,0.367353458,-0.731271953,0.755973365
-0.631069923,-0.933587948,-2.360788863,-0.878591144
-4.952521672,-4.262154637,-4.295134557,-4.055379064
1.365574682,1.817673378,0.09310987,1.720966357
0.922975188,2.070859654,2.586046512,1.153351551
0.816249712,0.651167797,1.190907992,0.862103214
-0.599452403,0.433085601,-0.991696039,0.09453285
0.2726672,0.165034072,-0.132746033,0.6296238
2.085920212,0.621844273,1.8125793,1.075394963
-1.202060286,-0.206000423,-1.020710937,-0.386892096
-0.011004505,-0.635155878,-1.073205828,-1.091389288
0.290963619,0.356895541,0.860606061,0.679337155
1.479403575,1.098726115,0.895325081,-0.066305238
1.709933157,0.945030713,3.10880829,2.13878698
-0.55485783,-0.738544755,-0.525616589,1.096675583
0.966228768,0.151951795,0.493554756,0.468685036
1.181998676,0.507481427,2.062749177,0.436401941
0.337506377,0.504919057,0.243432971,-0.303404877
0.168185552,-0.15537601,0.214604394,0.308085362
-1.848887153,-1.011515717,-1.386306002,-0.726646191
-0.971363025,-0.125766389,-1.08577633,-0.305614247
-0.258446376,0.27283698,0.664394246,0.605533058
-0.486010418,0.549421799,0,1.109731783
0.06071072,0.6244796,2.553948577,0.662251656
-0.860895007,0.434422838,0.96256086,-0.513749261
0.970372033,0.489186406,0.03325758,0.720734109
0.193286819,0.215219062,-0.615060675,-0.309837335
1.406188034,0.086925398,-0.38470116,-0.27010027
0.440134427,0.250332073,0.66043544,0.712324701
-0.358351977,-0.825561841,0,-0.655713549
2.148572034,0.210677766,1.278843481,1.097597152
-0.031771144,-1.051174239,-1.356025254,-1.060005869
0.044753177,-0.844690885,-1.341273375,-0.663577386
0.505030859,-1.249085398,-0.468212331,-0.014927601
0,-0.354591162,-0.294717751,0.925649448
-0.44508376,0.669216061,-2.097544338,0.081360947
0.289625948,0.13189828,0.110317599,0.968147218
-1.564761216,-0.337214816,-2.865096857,-0.347679696
0.200837479,-0.602696273,2.734654884,0.15424731
-0.868551366,0.367001755,0.023247704,-0.641707308
0.634324907,0.233174351,1.086577571,1.188367287
0.437945661,1.226604631,0.574811749,0.667444744
1.008701109,0.867021832,1.240212608,0.677511684
0.110023817,-0.103562552,1.17985774,0.475025191
-1.208931873,-0.253991292,-0.502148078,-0.999283668
0.165562914,0.140310762,0.902820613,0.249629174
-0.287459576,0.415153088,-0.98366122,-0.418621436
-0.443570844,1.054263566,0.387270584,-0.177574835
-0.84436781,0.347754935,-1.269149055,0.55545471
-0.155975177,0.942819284,1.432697208,-0.689580475
-1.572159809,0.35341041,-1.211478339,-0.879776057
-0.266774727,0.301856417,-0.610341904,-0.377773703
0.092774429,1.103475949,-1.159947689,0.206170385
0.104866481,-0.530832961,0.373928551,-0.14328753
-0.139900785,0.942643392,-0.464236589,0.548217374
-0.33569084,0.227283957,-0.086370703,0.274443794
1.562553053,0.808479172,1.434993084,1.80272233
1.460952126,0.044011932,1.488551787,0.64523067
0.229332103,0.562127285,2.132900409,1.221640489
0.403042875,0.213872551,-0.180881386,-0.51372273
0,0,1.839547526,0.003536818
0,0,0,0
1.339174623,1.484212058,0.15636795,0
-0.109207695,-0.105147445,0.68909825,0.717948718
-0.478063423,0.732022391,-0.614874619,-0.53725683
0,0,-0.053798149,0.494263019
0,0,0,0
-0.02535052,0.584212026,-0.791258478,0.526962937
1.03963486,0.495820938,0.417774402,-0.975013105
-0.184037631,-0.164458228,0.475470067,-0.268210051
-0.825183571,-2.108532969,-0.812002581,-0.33616419
-0.602585854,-0.240396173,0.439143399,-0.614237529
-0.447321954,-1.373560172,-2.051171327,-0.921691912
0.757426458,1.63213448,-0.980932437,-0.558880796
-1.539324158,-0.149052794,-0.795859305,-0.456869357
1.107814962,1.338662301,1.178120617,0.506319892
1.873718818,-0.15205512,1.308566676,0.213830096
1.669538161,-0.823299862,0.569208035,-0.072330115
-0.561495805,-0.964491363,0.010884354,-0.922876479
0.005087085,-0.058142352,-1.028459487,0.405464641
0.50550331,1.318660009,-0.362876622,0.894968531
0.804104666,0.622039332,0.452488688,0.284859193
-1.385131955,-0.803652099,-2.224785761,-0.334388034
0.274298661,-0.004793864,0.713523232,2.301670334
-0.876497058,-1.045112421,-0.84793038,-0.112846916
0.697921602,0.41664648,0.180038258,-0.550750221
0.086476588,0.882906354,-0.471751095,-0.344350172
1.034916521,1.396461023,0.773050446,1.581647193
-0.389227393,0.009433072,0.078391847,-0.60317015
1.374247226,-0.132050556,2.058971633,1.390064917
0.627058802,0.288061957,1.661093142,-0.274897348
1.723412418,0.400244856,2.901207938,-0.104679158
0.183717294,0.225119595,-0.183418929,0.248000279
-0.469380939,-0.102948058,-0.556518087,-1.348432056
0.224510713,-0.627693461,-0.042236418,-0.526260022
0.990382274,0.28754596,0.649659325,0.63556313
-0.568390725,0.376028202,0.335852225,0.306954098
1.533061759,0.4354952,-0.65376569,0.102004924
-1.392894031,-0.643416636,-1.121347723,-1.184159668
0.287599903,-0.849366495,1.426898094,0.064006827
0.878437528,0.870841024,1.128608924,0.842217484
0.742115028,-0.633416225,0.555411368,0.081051556
-0.231093685,-1.02464822,1.135659715,-0.059859155
-1.269493453,-2.12776108,-0.770722744,-0.715216855
-0.311804546,0.692176456,0.478370454,-0.03548616
0.546910921,-0.227525778,-0.45049657,0.415335463
1.086668753,1.92139738,2.010696287,1.389330788
0.675587195,0.947348377,0.761203811,0.509065551
0.59655782,0.490450365,0.135081049,-0.010407271
-0.64532813,0.53967807,-0.314763927,1.259410887
-0.296957077,-0.135362211,-0.421010425,-0.472829439
0.040938379,-0.229025473,0.417757198,0.406224181
0.956024079,-0.112433243,0.461129768,1.395460468
0.566302643,0.839508489,0.269420745,-0.250228249
0.150124715,0.320915306,-0.860824999,0.230516289
-0.340044795,0.370885489,-0.175667537,-0.111610918
-1.165247418,-1.74595843,-1.191613455,-1.269723031
0.965808828,1.410304626,1.058416446,0.222915738
-0.279757192,-0.296680883,-0.5387714,-0.106077197
-0.621662314,-0.543983634,-0.405001772,-1.007090741
0.394742293,0.729278669,-0.193158136,-0.228381605
-0.578290242,1.285561795,-0.04074357,0.582665696
-1.777572232,-0.966825513,-1.192235186,-1.24823282
-0.204637237,0.231342248,0.66518847,-0.097768777
0.817807888,-0.900152333,0.122938224,-0.017475796
-0.206993376,-0.517048631,2.394351786,-0.272670069
0.239888894,1.179941003,1.219146597,0.003505328
0.475030889,0.68489981,0.399842038,-0.224333135
0.684105589,0.606701292,0.098333251,0.509397506
-0.581036854,0.063959066,-0.221032467,0.618664803
-0.405524677,-0.086746108,-1.255291917,-0.010421371
-0.777226893,0.086821422,-0.752779301,-0.295302946
0.078452198,-0.287631831,-0.808720113,-1.083661452
0.559588992,0.549450549,1.043196435,-0.232492603
-0.781943345,-0.505464481,-0.566330878,-0.356613234
0.213344615,0.155613529,0.146169355,-0.010630382
0,0,0,0
0,0,0,0
0.808742378,-0.301603985,1.570285369,0.885959317
0.204003494,-0.733373058,-0.133789208,-0.165097654
-0.016716917,-0.240107125,-1.329760842,-0.084444601
0.237658763,0.111085397,-0.095544604,-0.538789309
0.50576356,0.157196357,-0.895958122,0.198272199
-0.41964508,0.207727462,-0.995479709,0.922261484
-0.807709248,0.336281555,-0.892628123,0.472672525
0.811285996,-0.036729259,0.652207671,0.400752718
-1.427372456,-0.688926652,-1.434816148,-1.294644407
-0.754817244,-1.012810433,-0.260878639,-0.756030663
-0.422261839,-0.733507756,0.826532747,0.368493782
-0.34889618,0.635383819,0.78343883,-1.249691107
-0.752967723,-0.701524647,-1.127413127,-0.375361956
0.508464105,0.306141673,0.958033948,0.94373475
0.317795959,1.084659811,-0.103145952,0
-0.740196078,0.334448161,-0.69179143,-0.017773986
0.553113734,0.268518519,0.140361822,-0.572424092
-0.683905506,-0.018468926,-0.301095364,-0.364741641
-0.620618888,-0.129306364,-2.18172351,0.265585185
0.544255769,0.762970498,-0.074523581,1.288613666
-0.184973244,0.550686063,-1.209247816,0.226172386
1.210442155,0.018255671,0.981396603,0.870914284
0.185549207,-0.374172941,0.384471619,-0.401985459
-0.224324886,0.137406678,-1.500079791,-0.080721581
-0.121297516,0.864474226,-0.864070854,0.389884089
-0.681440409,0.997641937,0.582883913,-0.377873412
-0.779368353,-0.008979885,-0.519930676,-0.969339374
0,0,0,-0.102847821
0.456854056,0.2649304,0,-0.163305879
-0.334576637,0.20153164,1.339285714,0.476495271
0.899551157,0.272637883,1.595573224,0.428227633
-0.361664767,0.178292846,-0.037015494,0.324206223
0.989376569,0.872080089,0.751163775,0.295057782
-0.365544521,0.198491465,-0.83482096,-0.511329808
0,0,0,0
-0.09955691,-0.78358866,-0.841848891,0.299222023
0.180857412,0.266217056,0.160187954,0.484346483
0.124652294,0.407115674,-0.421153641,-0.356269647
0.48510941,0.669898634,-0.438995664,-0.802720135
1.367739415,1.116364592,1.516373609,0.526520372
0.084292664,-0.658094125,0.307219662,-0.014060742
1.047356643,0.784484637,1.135343507,0.791027985
0,-0.142702703,-0.208855472,-0.240678084
0.366734338,-0.025983024,0.481372959,0.062937063
0.034997182,-0.641081175,-0.187460946,0.828150115
-0.110884467,-0.863196443,-0.986018364,-0.537168602
0.318182088,0.9058927,1.101217135,0.452961672
-0.500612451,1.255120718,-0.964144257,-0.253208463
0.337204946,-0.232418008,0.5262327,0.128664325
0.599831668,0.496117343,0.989373397,0.833506981
0.063042787,0.236102168,0.316193241,0.144657987
-0.433955709,-0.475374732,0.366868186,-0.237309121
0.070965605,0.512070227,1.075988468,-0.206846623
0.43494705,0.492336673,-0.127336627,-0.248730438
0.753742233,0.958548119,1.540187678,0.329004329
-0.54195161,0.088615073,-0.678051231,-0.379703141
-0.124482546,0.181289262,-0.283185841,0.485100485
-0.151093813,-0.0294588,-0.593336376,-0.386206897
-0.057113922,-0.282045885,-0.969288848,-1.076571587
-0.150819788,-0.185748058,-0.813929528,-0.671868986
0.639002142,1.120791744,0.50379142,0.338206799
1.982810173,-0.790497302,0.444421477,0.007022225
3.400441511,1.058178752,1.888151464,-0.084260787
-0.015011425,0.246130741,0.267622702,-0.094873327
0.577192553,0.237203496,0.327340484,-0.432611142
-0.122737375,0.390252003,-0.050195763,0.219011622
0.504284481,-0.314296348,0,-0.169186846
-0.468707831,-0.439742792,-1.411209321,-0.021184197
1.230687503,-0.14583941,0.601090113,0.045908818
0.313224297,-0.609247204,0.344321231,0.349452877
-0.470821595,-2.405743555,-0.67114094,-0.668331633
-0.283062772,-0.464616046,-1.061776062,-0.347037785
0.398071686,1.145351601,0.934531451,0.213212039
0.113752577,0.440133322,1.490563158,0.26949399
1.577616204,1.625186131,0.561403509,0.583513103
-0.724392172,0.38933311,-0.40374838,1.237606357
-0.74863761,0.446205171,-0.430408888,0.166701396
-0.480296911,-0.298916428,2.337270671,1.158033423
-0.018098059,-0.024984385,2.450884086,0.305045243
-0.272617069,-0.00833021,2.066254375,0.519391765
2.159397173,1.212146457,-0.864255519,0.112180032
0.207821855,0.069964606,-0.435895006,-0.125636672
0.514716154,-0.271437384,0.661463786,0.071397001
0.435107975,-0.065982102,1.63097433,0.896921927
-0.463027026,-0.115544918,-0.525630291,0.558960199
-0.306377791,-1.487296013,0.060790274,-0.495579962
1.611683499,1.115537849,1.289840172,1.160990712
0.74581961,1.592634067,-0.253760266,0.099797079
0.471527592,0.469483568,-0.642952958,0.033232528
-0.74308152,0.719219829,0,-0.059798678
0.804333207,-0.556743454,-0.544692737,0.555130805
0.601433225,0.937157694,1.146842672,1.60661157
0.38750654,-0.297427653,-0.999629767,-0.263534617
-1.457345299,-0.245908248,-0.51421092,-0.257706736
-0.840520966,-0.290967872,-0.789399493,-0.510204082
0.748357522,0.206703684,0.568343279,0.239973702
0.416218908,1.10419026,1.690684751,0.980552914
-1.305602973,-0.980117614,0.662251656,0
1.002866845,0.137362637,0.473868237,0.694985711
1.048420038,0.096828855,0.998214204,0
0.120234665,0.302297461,0.489640477,-0.019351093
-0.424974636,-0.727345791,-1.109857884,-0.480645161
0.257840482,-0.267163212,-0.310233131,-0.405173252
-0.425172273,-1.014692751,-1.327170381,-0.497949619
-0.483225111,-1.89847466,0.088122072,-0.062146338
-1.694267849,0.455590387,-0.959221501,-0.549846174
-0.449762345,-0.228842473,-0.369625228,-0.105311657
0.00748535,-0.658909879,-0.96740866,-0.138367266
-0.11654887,-0.776625666,-0.018968134,0.191343362
0.326503522,0.084616686,0.507493834,-0.401712216
-0.2736905,0.95958742,0.707847671,0.105792118
-0.879497125,-1.109575849,-2.605313715,-1.274768824
0.529466054,0.533491405,-0.139523695,0.485047167
1.183816345,0.454851752,1.151474272,0.05326409
2.017329294,1.39191682,0.376280067,-0.033272334
-0.033286697,0.554085346,-0.616873873,-0.096521884
-1.171145392,-0.707295008,-0.687547746,0.196561834
0.136875243,0.463844943,-1.081730769,-0.206151288
-0.628765496,0.828592629,1.705953827,0.129943691
1.281359447,1.492293225,0.764599063,0.702116332
0.063205182,-0.165162746,0.540643081,0.350262697
-0.346625879,0.286486705,0.320754717,-0.223912542
0.06600418,-0.494890159,-0.573631747,0.244216362
0.535537605,0.343698193,0.099309562,0.059259259
0.756589567,0.350580271,0.566920206,0.93442569
1.987607171,1.24482994,1.41400855,0.570459954
1.045884112,0.535438068,0.264035575,0.505639829
-0.107317122,-0.268265741,-0.79002079,-0.270897833
1.192801024,0.221518987,0.419111484,0.523864959
-0.3189943,0.58809599,-0.820812465,-0.205880461
-0.2573061,0.156955072,-0.551737037,-0.241763909
-0.225037548,0.724779628,0.018806714,-0.445923676
-0.212542509,0.59898872,-0.629906454,0.175273459
1.398752099,1.01299103,1.201570557,1.117843372
0.444332414,1.952078389,0.266442294,0.538323507
0.230286628,-0.108875206,0.107226107,-0.254971953
-0.34660003,0.289397527,0.111768267,0.853144172
0.895623858,0.813221406,2.32590594,1.013845325
1.736774005,0.420058734,1.463835978,0.335602045
-1.076971809,-0.607092619,-0.188180474,-0.443888715
-0.60305262,0.566108007,-0.776585716,-0.612283346
-0.379743746,0.581438412,-0.83242852,-0.347518403
0.621763181,0.184101035,0.182481752,0.275813968
0.551211009,0.084530854,-0.637522769,0.252924439
0.170945966,0.143213866,0,-0.208136235
0.86487375,0.579370027,-0.563703025,-0.00948047
-0.008627301,0.255204346,0.069133982,-0.056888215
-1.395825944,-1.574602713,-1.621223287,-0.420579958
-2.112196782,-1.936008276,-2.574906367,-2.013337567
-0.305415539,0.794966468,0.182604517,-0.259268862
1.655790785,1.936231451,1.347851113,0.597868469
-1.010907808,0.550034836,-1.211604903,0.080749354
0.084153833,-0.802304803,0,0.038728417
0.06182579,0.036763354,0.459924304,-0.019356712
1.193241921,-0.135974422,1.001478373,-0.187151108
1.12202032,-0.187679399,-0.094433165,0.135777325
0,-0.044242893,1.517084928,0.726392252
0.281136332,0.590166353,0.079143389,0.176282051
-0.185935385,0.249349125,-0.209331535,-0.559910414
-2.498395371,-1.368009071,-2.918142831,-1.203346203
0.377655467,0.207676618,-0.532987612,-0.042337003
0.41716182,0.58102957,-0.043446778,-0.068419509
1.048393037,0.331150195,2.308509611,0.844418362
-0.609874623,0.553762652,0.103851964,0.591639456
0.334433443,-0.134942923,-0.061303405,0.784212895
0.040446569,0.010956103,-0.434105601,0.991772434
1.795004189,1.30728501,2.08047012,2.09352995
0.478043038,0.464982158,0.30176416,-0.287640727
1.359202957,1.140929966,1.291367739,0.319488818
-0.483484471,0.617240156,-0.077682325,0.095850597
0.442868542,-0.056409533,-0.484748708,0
1.81254965,0.317482715,1.341850099,1.23868656
0.029086544,0.513397567,0.276606357,-0.176969549
-0.049848148,0.097956899,-0.601428959,-0.314830664
-0.077118448,0.548720816,-0.081888904,-0.205439549
-1.652625206,-0.316312698,-1.812138597,-0.190499601
0.068136856,-0.599762884,0.282865755,0.935845339
0.681374206,0.599873711,-0.106353463,0.988166402
0.500459415,0.760191094,1.671064204,0.782193767
1.550984796,0.674857242,1.233837188,0.833058644
-0.20108035,0.309384668,-0.341803463,-0.668667717
1.162662906,0.836189171,0.446771064,0.397917664
0.835607943,0.849646547,0.772755863,1.215841702
0,0,0.378956754,0.465184749
1.753881928,0.175237582,1.114812347,0
-1.314245379,-1.402812353,-0.527101819,0
-0.32589599,0.112593401,0.76393182,1.456495619
1.151317265,0.79749165,-0.030676191,-0.958983247
0,0,-0.569875504,-0.303313112
0.857095983,1.305112253,0.987567234,0
-1.088973103,0.100126827,-0.711603947,-0.289609174
-0.7218259,0.340090691,-1.086048454,-0.859615667
-0.58112204,0.415365189,1.133534851,0.704308712
0.194539387,0.694927033,1.428508637,1.263590949
0.002247242,-0.887311446,0.420350147,-0.156703424
0.139325843,0.354786299,0.604151383,-0.778933907
-2.066334545,-0.911914359,-2.118989405,-1.224441971
-1.818923403,-1.637212404,-1.301546956,-0.355871886
0.405158773,1.379707787,0.448450404,1.208333333
-1.649891913,0.685481174,-1.215577068,0.211727342
0.699105674,0.876756003,0.563808842,0.856857797
0.101861197,0.391769547,1.214737029,1.108524876
-1.601860709,-0.114776677,-0.742955115,-0.146758367
-1.163765989,-0.216684724,-0.611214457,0.409221902
1.608050378,0.065804626,1.359180036,-0.080362781
-0.783470714,0.828593036,0.167069686,-1.074280462
1.811764031,0.808739605,0.179958741,-0.229384437
-0.251331824,0.126160515,-0.061338941,-0.256104304
1.568306088,1.470018093,1.411661552,0.586467482
1.668822828,1.200369344,0.916479336,1.287927133
-0.488917267,-0.934432419,-0.132796436,-0.294976803
0.099455515,0.647886429,1.05520525,1.114462157
-2.15059179,-0.542740841,-1.438940532,-0.818112093
0.319127033,0.466385355,0.310077519,-0.461119863
-2.275759131,-2.425314217,-1.807487549,-1.619957415
0.212876651,0.239497702,0.559660706,0.617121465
0.803021571,-1.388350768,0.095656333,-0.32265566
0.154032971,-1.375155524,-0.230224578,-0.644483975
-0.515169671,0,-0.944792755,-0.824772527
-0.324359698,-2.161211075,0.285701727,-0.455769629
1.369217814,0,-1.034361851,0.883008771
0.213074515,0,0,0.7220323
1.266362253,2.928302399,1.027457927,0.22237177
-1.315272235,-0.247247313,-1.288795371,-1.246606137
-1.208613539,-0.935258931,-1.625366374,-0.954886773
0.264698348,-0.493728316,0.519140484,-0.495478017
1.258965576,1.498591927,1.136210536,0.245972943
-2.679593505,-2.28241123,-1.940497336,-2.226278464
-0.363435595,-0.983639805,-0.421138432,0.419280796
1.344846362,-1.403065579,1.778080946,1.429355114
-2.189003632,-1.412644554,-2.45744158,-1.727712509
-1.87196189,-2.770948936,-1.758966607,-0.687947166
1.276075078,1.260610439,0,-0.049259567
1.58037614,2.204466006,1.585303306,0.970275682
2.665690788,1.867234399,1.891035939,0.851128737
-0.311896141,-0.558467811,-0.15766476,-1.255331377
-0.350981195,-1.512541345,-0.753474102,-0.542212964
0.306891847,0.094455134,-0.686457244,-0.394246466
-1.064716099,-1.034530966,-0.439439714,-1.298741458
3.211871221,1.373781608,1.83908046,1.300166045
0.438370056,1.268071765,1.963882619,1.051524711
-0.495660674,-0.681137982,-0.699579367,-0.74983167
-0.353303107,0.0207821,0.227404468,0.39470844
-0.928510264,-1.530629913,-1.17893051,-1.154897564
-0.459729302,-1.378582733,-0.837347499,-0.624592151
0.523339044,0.727454267,-0.090797657,0.109443402
0.992669375,1.143484264,-0.022720044,-1.443073559
-0.859932685,-0.217010851,-2.163439687,-1.064874972
-0.016788226,-0.666479585,-0.743287188,0.233846942
1.106343284,1.080584787,0.369746326,0.015979546
-0.226043954,-1.22275014,-0.983912334,-0.194919316
-0.507670541,-0.456249558,-1.860224169,-0.992508164
-0.416387836,-0.699946705,-0.095973895,-0.194024059
0,0,0,0
0,0,0,0
1.596449638,0.447259196,0.88380806,0.965526179
0.358276415,0.815730417,1.32838166,0.490982607
0.809194056,1.084728994,-0.404097359,-0.079833945
0.02769492,0.436925443,-0.226457822,-0.262064557
0.983578282,0.368900954,1.442216758,0.916431684
-0.613973976,0.131761442,0.15382464,0.307995174
0.180898068,-0.349747212,0.17685935,-0.421005983
-0.765171385,-1.181499114,-0.617914886,-0.44821667
0.622316035,1.026831241,0.958346968,1.168694319
0.291601866,-0.132270528,0.023152436,-0.950036297
-1.10351294,-1.115332334,-1.115689088,-0.325027086
0.009116227,-0.648549575,-1.558988764,-0.949488491
0.014584634,-1.3162096,-0.508869549,0.093599716
1.080928359,0.226488352,2.06500956,1.047981427
-0.426034543,-0.875210732,-0.885162982,-0.880747998
1.479616785,0.459562149,0.689883287,0.618138502
0.696898312,0.54390894,0.769627857,0.790324129
-0.848922011,-0.802493462,0.139710334,-0.638095238
0.656442431,-1.177362852,0.730130679,-0.146969552
0.630851805,1.056170742,0.932594645,0
-0.221024211,-0.33632287,-0.329338578,-0.809522286
-0.878096661,-1.825175079,-1.716383662,-0.951612903
0.353725718,-0.864872856,0.980575271,1.156163491
-0.721403871,-1.521139363,-0.2034588,0
-0.661726847,-2.722041342,-0.871096284,-0.264005151
1.017230267,2.315625608,1.196597177,1.242817483
0.298035996,0.152149106,0.540415704,-0.184931288
0,0,0,0.233189586
0.414142223,1.735662742,0.473193366,-0.592772006
0.692410946,1.131145705,0.03657979,-0.115414209
-0.21337815,0.668143226,0.338239327,0.253562717
-0.612845056,0.495031352,-0.510204082,-0.224107572
-0.373523319,-0.540027731,-0.851648352,0.202149848
-0.303679329,0.253136694,-0.461808442,0.144101447
0,0,0,-0.604355195
-2.276046575,-1.489369488,-1.025331725,-0.620898211
-2.305748146,-0.702080238,-2.292223316,-2.214237156
0.394842718,0.602296959,0.359815774,-0.033104909
-1.547064306,0.84411721,-1.96950141,-1.765076001
0.80272624,1.143109997,0.087774906,0
0.355908647,-0.729155274,-1.101096224,0.138214671
-1.109790674,0.31583973,-2.473028228,-1.299444538
0.312733604,-0.205015559,1.399201899,1.667860432
1.822915438,0.091712829,1.708677892,0.570316694
0.21816868,1.942530421,-0.220404565,0.38695043
-1.4693172,-0.118645287,-0.662674259,-0.15285439
0.569002721,0.827903963,1.141473539,1.111554846
-0.596567985,-0.853236229,-0.898964237,-0.306102297
0.583725142,-0.48250036,-0.379609544,0.891412724
-2.759869004,-0.709168536,-2.127975454,-1.295853922
0.192859405,-0.153050069,0.723062143,0.772469582
-0.729252456,-1.394160584,-1.285140562,0.203974207
-1.250235143,-1.302835147,-1.200162734,-0.515463918
-0.756609958,-1.462536563,-0.350010294,-0.23761592
-2.233487548,-3.143553052,-1.704545455,-1.713586291
-1.477029027,-0.031434185,-0.641093011,-1.040018848
2.444969036,2.024211933,1.385656865,0.687028093
1.376107894,1.194282852,1.1476265,-0.608025942
-1.350540216,-1.884493852,-1.650335224,-2.236269712
-0.228919689,-0.613068446,0.241216571,0.809984009
1.088238823,1.678769423,0.742833229,0.313803924
0.998887378,1.029027799,0.545227957,1.28222757
-1.057553428,-0.85132259,-2.287868615,-0.919797712
0.981765099,-0.762802821,-1.009513742,0.589202521
1.029553729,1.834756074,-0.357733995,1.157880398
-1.312509094,-1.012744652,0.66981031,-0.181793698
-0.162682342,-0.413840671,0.54825145,-0.617200675
0.874796316,-0.323213667,1.683430386,0.600671938
-0.06197843,-1.165798108,0,-0.067467278
1.05624002,0.08592743,1.509787589,0.722387254
-1.009442077,-2.126829268,-0.394912299,-0.666934781
0.130822964,-1.335725678,1.67344627,1.396808259
0.948689823,2.174176601,0,1.500682128
1.585446538,-0.530000396,0,0.799895096
0.63797218,-0.803212851,2.557479996,0.234161571
0.609364372,1.078285966,1.343143548,0.301752109
-0.417398327,1.614054569,-0.41904205,-0.456118785
0.27251682,0.667369161,0.494201693,0.581697647
1.009991771,0.767620377,-0.603758886,0.633259022
-0.187130801,0.076946753,0.901342216,-0.276110059
0.891237332,0.123020145,0.825322847,0.357361321
-1.266109498,-2.2845953,-1.015986133,-1.119594508
-0.084740605,0.565837557,-0.11188403,0.441228952
0.846719022,0.789278318,1.051913899,-0.429600439
0.432582625,0,-0.260240964,0.480114189
1.486467731,1.946113588,2.299961345,1.940337057
-0.12764231,-0.342244362,-0.103910826,0.091844814
-0.646786834,-0.206051818,-0.874704492,-0.313251487
0.558194665,-0.554429702,0.505604579,0.539596889
-0.296508148,0.64211012,-0.037966874,0.138910813
-0.997103999,-1.222540592,-1.509756445,-0.104038589
0.275391565,0.228195707,-0.496505182,-0.050495487
-0.470803273,-0.100331867,-1.225656429,-0.90937796
-1.046695512,-0.320611867,-1.56456913,0.130648142
0.02811964,-0.38364658,0,-0.003182382
0.85787644,0.704115771,0.269058296,0.162306664
0.646180289,0.409471936,1.12303717,1.366250437
-0.697880511,-0.638633478,-1.203931204,-0.241356612
-0.353251776,-0.995082665,-0.457597613,0.276503488
-1.421281439,-0.96206492,-1.434067856,-0.629817635
0.372864193,-0.059232349,1.419446416,0.119824678
0.55297584,0.403018689,0.284914526,0.948001638
0.961096682,0.393530361,1.00682849,0.904779733
1.722792875,1.183803065,1.786331113,0.955414013
1.147641264,2.088095146,0.610849857,0
-0.446807358,0.018973892,-0.717968486,-0.474717467
0.057574961,0.375611792,0.422248107,0.052314131
-0.965524741,-0.650136075,-1.652892562,-1.070341094
0.530702998,1.658803835,-0.712565728,0.192756101
-1.08219789,0.093562874,-1.098792318,0.583361777
-0.714482886,-0.826322677,-1.836652988,-1.113681937
0.445305296,0.380787212,0.137649758,-0.046796032
0.480698258,0.060093897,0.9774972,-0.745965854
-1.033928653,-0.825794828,-1.744479177,-1.279874214
0.010669982,0.034063813,0.92364532,-0.334469468
0.062157611,0.597805524,0.132194427,-0.236512401
-1.807013884,-0.793591094,-0.837818625,-1.332735311
0.528286209,-0.344997536,1.249423934,1.068251185
-1.498572341,-0.962489538,-2.665250594,-1.529219006
0.147798517,0.437905735,-0.088330043,0.456755081
-1.97091238,-0.829923127,-0.187217224,-1.357539541
0.389481097,0.038565368,-1.15146147,-0.740789517
0.272836777,0.34309946,0.115960363,0.212286055
1.182935242,0.238195858,1.474149731,0.231696015
-1.883346922,-0.88153003,-1.281519145,-0.937850869
-0.045679186,-0.197208151,-0.07357965,0.290019335
0.654872161,0.348702053,0.194603692,1.003822503
-2.621766263,-1.235521236,-1.511811024,-1.520387008
-0.683504623,-0.922595778,0.165227588,1.129490393
0,-1.377051768,-1.410099505,-1.414268248
-0.680717175,0.920184037,1.257556131,0.613373555
-2.121015553,-1.668979187,-2.260007462,-1.515757212
0.972006021,0.177390743,0.528985112,0.950512465
0.623788421,0.486960721,0.705218618,0.47915829
3.584521179,2.262805879,2.257056669,1.120485544
1.911098528,0.657946268,1.090449349,1.34221548
-0.719927576,-0.291806085,-0.046899427,0.894890986
1.70793369,1.194053147,1.955059694,1.335268505
0.495237372,-0.308487256,-1.155655553,-1.120341195
-1.082831411,-0.375198236,-1.376099327,0.434544694
-1.24070663,-1.285137444,-0.409148133,-1.118518044
-0.659070923,-0.499508358,-1.174549668,-0.794088095
-0.378902108,0.043481698,-0.474337792,0.078410873
-1.54041452,-0.881109487,-1.35482489,-0.992426221
0.299514034,0.661723671,-0.027142935,-0.121999472
-1.324506585,-1.207825123,-0.93397046,-0.930969595
0.681413934,-0.701487153,0.389169042,-0.033323336
0.842021449,-0.750847731,1.452361452,0.990033001
1.899455677,1.297486374,2.561756633,1.789015051
-0.158848542,0.642441277,0,0.441014333
0.223129832,-0.103730301,0,-0.035513657
-1.271428433,-0.155757019,-1.684420423,-0.484449181
1.052007196,1.392,2.001494449,0.749683575
0.389061643,0.244595234,1.077913244,-0.219043938
-1.260758001,0.665092483,-1.325257545,-1.02660124
0.63916214,-0.547323977,0.807932427,-0.065235828
1.67383143,1.82790204,1.16575592,1.168483582
0.34723883,0.474830142,0.23149339,0.125822687
-1.161560313,-0.188266031,0,-0.889318511
0.837645334,-0.265609362,-0.374666393,0.630709711
1.012414875,0.038596627,0.690330225,1.295512551
0,0.67518037,-0.220005116,0.354021815
-0.959658367,-0.325745382,-1.163983181,-0.603845543
-0.117594195,0.215310085,-0.051880674,0.111910472
0.369469916,0.019182812,0.067479886,-0.319386777
-1.140091551,-1.35021097,-0.850710655,-1.355334829
-1.603248943,-0.999300101,-0.957413414,-1.663039595
0.918604936,0.883704489,2.197453912,0.300578035
-0.122401993,0.151833684,0.578901122,-0.102087861
-0.265043015,0.268221574,0.334035665,0.448327015
-0.710935138,0.205474141,-0.635115755,0.459453251
1.023454995,0.394629938,1.850515464,0.663160302
-0.560989364,-0.728351767,-0.602257199,-1.356526254
-0.154482435,0.058229814,0.952138493,-0.733649164
1.218186625,1.29970902,-0.453926464,0.536903854
-0.980524946,-0.838759096,-0.238131428,-0.573594857
-0.144114041,-0.185392607,0.040629761,-0.119359438
-0.10714076,0.19347599,-0.797035232,0.043153527
-0.864901927,-0.513652338,-0.875083158,-1.211095627
-1.015220903,-0.51242236,-0.913784202,-1.138615524
0.773092971,0.124863431,-0.114625124,0.101922946
1.080168191,0.600155885,0.68332377,1.160738528
0.651170539,0.643061904,0.046627293,-0.241562102
0.762816238,0.257890685,-0.357309306,1.351987624
-0.159911107,-0.153568549,0.202681634,0.690204407
0.656637262,0.538316607,-0.176339401,0.781044028
0.737443274,0.818449535,0.841689614,0.402210523
0.322118826,0.519707143,0.577051883,0.693720688
-0.060411464,0.045286437,-0.112699145,-0.268460717
0,0,0.856454177,0
0.465973022,0.848736326,-0.539001322,0
-0.636260701,-0.647091827,-1.441717791,0.402153467
-1.080416146,-1.031548829,-1.74291939,-0.975515214
1.100410666,0,-0.686305564,-0.003262004
-0.873416575,0,0,0
-0.493942353,-0.627662812,0.249840527,0.006524221
0.192370899,0.769436895,0.843098786,-0.459927586
-1.034299773,-0.733171251,-1.593227469,-0.632455106
0.328546499,0.352072251,0.796152819,1.078389341
-0.232727626,-0.190672311,-1.176844784,-0.300163132
0.422224495,-0.645703588,-0.268211565,0.150533412
-0.015518312,-0.130749116,-0.543244406,-0.35943014
-0.100884681,0.134770889,-0.270401817,-0.53125205
0.216538491,-0.011536243,0.536847243,0.49782408
1.168040927,-0.330743789,1.014023732,0.931666831
-0.328504729,-0.339558574,-0.848996155,-0.737803491
0.203229573,0.418150844,0.183100867,0.029469548
-0.288643185,0.073257249,-1.247110681,-0.860911977
-1.381996538,-0.805239838,-1.295520113,-1.079706795
-1.844592025,-1.914860561,-2.233496939,-1.391902266
0.727261889,0.376192928,0.417418773,0.500981653
-0.034522383,-0.366892852,1.25266824,0.444594139
0.681805848,1.156206692,1.32038835,0.841660519
-0.501276466,-0.090030141,-0.668017303,0.495461045
-0.191080293,-0.477981508,-0.038586627,-0.870226987
-0.091775712,-0.129911031,-0.854747987,-0.14352949
1.117136338,0.942094682,1.663051338,0.859072068
-0.438596491,0.113245861,-0.640113798,0.57667451
1.936756179,1.002457386,1.448158141,0.823804659
0.343609536,1.235807523,1.61202779,0.075170768
0.380321139,0.251773861,-0.090807115,0.349444807
-0.24987936,-0.403348554,-1.042557742,-0.006508934
1.437890966,0.745014136,1.269652601,0.862489829
0.460855605,-0.056884979,-0.266752027,0.351726363
-0.404218917,0.022766942,-1.032416818,-0.926074793
0.442198059,0.242792109,0.324306794,-0.318068222
0.336413996,-0.242204057,0.312483164,0.117214209
-1.097172078,-0.569044006,-1.444760728,-0.774008911
0.34231982,-0.763067531,-0.68119891,-0.226147947
-0.816782979,-0.146097655,-1.113854595,-0.840943433
-0.007611871,0.47743724,0.188658307,0.159014113
-0.264532643,0.01532802,-0.066459903,-0.128993848
1.439706907,0.846743295,1.252493904,0.986918364
-0.416188559,-0.334333802,-1.165845649,-0.380415177
-0.544959128,-0.60229482,-0.193830647,-0.408203575
-0.389354479,-0.272291467,-1.403839751,-0.52887317
1.399528088,0.722965698,1.772750295,1.060047187
-0.496894994,-0.076359194,-0.055297501,-0.098645272
-1.062060624,-1.173009323,-0.675002766,-0.431176354
-1.156072124,-1.287454089,-1.219919786,-0.766916796
-1.386023817,-0.395582015,-1.392883325,-0.829474666
-0.581993475,-1.073492981,0.468946586,0.507222036
-1.979915048,-2.15835917,-1.69057377,-0.173790983
0.987834305,0.251878936,0.92640843,1.144999833
-1.727854245,-0.705110021,-1.221960874,-0.307834895
2.449674289,0.53054728,2.741317226,1.288266153
-1.348825711,0.474972598,-1.71848502,-0.118009572
1.049007127,0.674747475,2.714828023,1.545782737
-1.816829105,0.232772806,0.167991936,-0.155133965
0.276329615,0.740740741,1.274597496,1.129705759
-0.042317594,-0.417329094,0.121439611,0.345688496
-0.306428445,-0.143683895,0.231558055,0.149920255
-2.17333057,-0.847356009,-1.226622662,-0.105105583
0.040825186,1.850284194,1.202873531,0.542022701
-0.364177347,-0.336420486,1.034501733,-0.114162491
-0.887589303,-0.893530837,0.059909591,-0.682583021
0.374012659,-0.024042314,0.827345961,0.447527411
1.610860672,1.527054108,2.191751242,1.07882761
-1.798682915,-0.955351151,-1.76967776,-1.205843461
1.058657015,0.087687831,0.242000538,0.165715925
1.587629718,0.999561945,1.008583691,1.43170755
0.351532294,0.003942907,-0.52581262,0.065869954
0.199230453,0.780664748,0.923701212,0.335402169
0.110800801,0.12519072,0.539625436,0.312412134
0.106129751,0.07423905,-1.026099768,-0.208664237
-0.078250817,0.074183976,-0.616726035,-0.415080207
0.59719289,-0.027310678,0.139089499,0.59230938
-0.406312152,-0.081954418,0.491479246,-0.031154589
0,0,0,0
0,0,0,0
-1.43066783,-0.515564582,-1.350273776,-0.445649464
-0.549467416,-1.189588159,1.034649997,-0.763812803
0.589028129,1.088684043,0.378686863,0.145105833
1.655475035,0.652464429,2.465462274,0.79377579
-0.439201087,-0.234301781,-0.513378967,0.29375918
1.445196238,0.246594645,1.428199114,0.17449288
1.043550163,0.51930811,-0.185004368,0.351488382
-0.210498294,-0.287445618,-0.581784482,-0.266567479
-0.31122638,1.176470588,-0.647332988,-0.027971159
0,0,0,0.115024715
0.917763076,0.931772678,0.959082617,0.863246802
0.074638959,-0.106813153,1.76570809,0.443322456
-0.188420944,0.882150768,-1.263254021,0.052105683
-0.635646339,0.333118825,-0.965984996,-0.385993934
0.466549906,0.313148463,0,0
0.985398764,-0.120355047,3.180450348,0.292154873
0.670515834,0.218406387,0.402272842,0.886176867
1.065679783,1.487938679,0.345570191,0.84495912
0.766388198,1.007034432,0.683769215,-0.22906055
-0.494672755,0.395865406,-1.278937193,0.012083497
0.829827916,0.27747353,0.492091388,-0.299030417
-0.965695756,-0.247578825,0.169889572,-0.103005332
-0.248445421,-0.441638076,-0.743253355,-0.351792321
-0.930031673,-0.978846647,-1.221228264,-0.754762919
1.571870065,1.8585709,0.71228695,0.720637841
-0.635232513,-0.02907822,-0.717352867,0.222256051
1.07172854,1.021669575,-0.234060958,1.078437329
0,0,0,0.027048959
-1.907516098,-0.964549217,-2.121691233,-0.513791239
0.171853745,0.392484646,0.453337502,0
0.589582749,0.611764706,-0.0259363,-0.036241732
0.888318776,0.251852918,1.074041405,0.287017735
0.9185933,0.768016078,0.657084189,0.638669639
0.636077084,-0.089037681,0.535495716,0.131712866
0,0,0,0.944693572
1.005757905,0.15684597,-0.273930909,0.100693005
-0.810056774,0.352350785,0.447632128,-0.272189349
0.022932345,-0.453965101,-1.190054185,0.29666548
-1.406038714,-0.409719253,-2.777777778,-1.27484619
0.979042882,0.250420348,0.569319979,0.206729185
-0.166369802,-0.049958962,0.786245938,0.101656401
0.027774509,-0.099967867,-1.513417932,-0.244922342
0.27955046,0.075050927,1.425780219,0.916222528
-0.268446297,-0.885651025,-0.817410319,-0.127581296
1.367961375,0.99445125,0.703412073,0.451561154
-0.639237186,0.09275776,-1.162427023,-0.121255139
0.211179428,0.399201597,0.35335689,0.032571361
0,0.940783868,1.177212529,0.754817512
0,-0.196954243,-1.563473925,-0.716845878
-0.350602365,-0.260774571,0.385203947,-2.077291827
-0.391604596,0.522912765,-1.298359966,0.120875136
-1.770323017,-0.29172964,-0.649731054,-0.920560184
0.161621958,0.310208686,-0.192977754,0.344228836
-0.269253538,-0.713382064,-0.16649659,0.625379478
0.509324857,0.077867837,1.124381321,0.274542931
0.497694887,0.707338638,0.516039794,0.767217258
0.355428339,-0.133450395,0.973854134,1.364504956
-0.296557944,-0.351654535,-0.959220044,-0.194409261
2.463826462,0.518756396,3.244244509,2.201694065
0.971632222,-0.193090858,-0.07176543,-0.22813249
0.44680666,0.154771536,0.610444239,0.260492041
0.281202288,0.723492431,0.020394636,-0.386836028
-0.29995637,0.062763695,-0.683081001,-0.098533588
-0.112594132,-0.219535143,0,-0.522162915
0.461380491,1.009289656,0.164245753,0.390761694
-0.801777083,-0.594682433,-1.152959262,-0.636147098
0.531206067,-0.657368439,0.11404873,-0.450200251
-0.537053992,-1.19039283,-1.31006628,-0.143893343
0.596284898,0.283466799,0.15740595,0.373485472
1.615267648,0.226132429,0.927235581,0.54202924
0.009408518,-0.119861806,0.76300218,0.037883203
0.246390381,-0.21530425,0.061814248,0.62337965
0.072841674,-0.084892646,0.277992278,0.115797701
-0.957862961,0.297376713,-0.775193798,0.306508978
0.207402464,-0.222371254,-0.662251656,-0.16143446
-0.506184449,0,-0.114583333,-0.386914215
1.733853097,0.902080091,2.200438002,1.449317372
-0.655227596,-1.332258178,-0.469387755,-0.694305552
0.081436869,-0.255836265,0.322944433,0.195649672
0.352307885,-0.231555698,-0.342343263,0.031587411
-0.34171508,-0.11426123,0.220467596,-0.421989378
-0.653138956,-0.575534425,-0.562746201,-0.014414207
0.649783106,0.765828929,0.282965478,0.184528443
-0.370184914,0.624420181,-0.153909296,-0.207212133
-0.89883506,-0.457430588,0,-0.752703677
1.282370574,1.111427757,0,0.087173825
0.666598114,1.4867531,1.243448772,0.600975496
0.101703647,-0.020828994,-0.157328461,0.158725578
0.529297716,0.329861111,0.21857368,1.129487697
0.165058741,-0.096902578,0.649218909,0.737933785
-0.46836447,0.488447016,-1.063293691,-0.155556184
0.163348783,-0.137892995,-0.30051444,-0.4050762
-0.386712984,-0.334852251,-0.929804843,0.1166131
0.152179989,0.23206678,-0.072194719,0.139204545
-0.754427778,-0.362844702,-2.46155434,0
-0.448152265,0.138729928,0.497328184,-0.632642061
0.94293516,0.983617913,1.152934983,0.039970308
-0.758228579,-0.236649861,-1.977724576,-0.747716895
0.381787014,0.32659516,-0.090262292,0.908620392
0.906026503,1.178768461,0.999096562,0.378982162
0.15421461,0.623158465,0.105235464,0.275356971
-0.008823906,0.959240685,-0.930354796,0.716226928
-0.136782608,-0.350046673,-1.225594228,-0.340107373
0.154643503,0.003345489,-0.36525756,0.251015343
0.065732297,-0.097015924,0.797886679,-0.146293431
-0.096549778,0.140642266,0.208589613,-0.377539233
1.529078978,0.879451597,1.312980359,0.987018864
-0.018689801,-0.172368072,-0.305552629,-0.151226616
0.229971004,0.458228184,-0.655252589,-0.022437875
-0.697872119,-0.571825213,-0.441489362,-0.878078887
0.749948679,0.844386822,0.577015547,0.229247446
-0.542342608,-0.148343498,-0.993359894,0.567572147
-0.803347645,0.333443381,-0.531172873,-0.101081005
-3.132195525,-1.460958836,-3.409029613,-1.211388741
0.386946345,0.687881925,0.552856425,-0.221918744
0.860834083,1.001558717,0.871931578,0.464784716
-1.842277399,-1.17222131,-1.348896107,-1.087049073
-0.303984664,-0.305668151,-1.350597165,-0.172166428
0.779676226,0.473238686,1.176736818,0.839321644
-0.193524647,0.802706647,-0.430552449,0.342055755
0,0.32905561,1.123153816,0.113629907
0.664084369,-0.409970482,0.177708669,0.564667159
-0.90703563,0.003293265,-0.199567604,0.008464772
-0.693119907,0.573009287,0.51658057,-0.505022007
-0.870264434,0.327439424,-1.320733864,-0.459378988
-0.945578263,-0.45691906,-0.43120345,-1.430077201
0.77444654,0.754098361,0.922384702,0.410392763
0.28650235,0.348193947,0.523851984,1.424747431
2.147490659,0.82692869,0.731788447,1.254327714
-0.555729315,0.228354561,-1.458447991,-0.299887892
-0.379697792,-0.128357347,-0.603183468,0.137744919
0.551356199,0.742216367,-0.505703208,0.864634215
-0.977443267,-0.347643044,-0.756762862,-0.400779293
-1.285332868,-0.131220995,-0.944630968,-0.760073772
-1.455225965,-2.52211255,-1.1259838,-0.5603424
-0.093534764,0.677252852,0.180117367,0.107603002
1.222764412,0.542076217,2.314116692,0.070715357
0.093425638,0.035727045,-0.566861289,-0.514444005
-1.434145067,-1.733766234,-0.667008722,-0.616547335
1.785029427,1.034163748,3.036042241,0.345921839
0.746612334,1.644919716,1.041608645,0.544159544
0.754931294,0.653111125,0,-0.294692698
-0.07424007,-0.16301742,0.810363837,0.122204223
-0.495301515,0.454632772,0.185924427,-0.641498723
-0.051620278,-0.458949516,-0.518530648,0.411381556
0.262846023,0.339395492,1.909360255,0.216228519
0.449806142,-0.038292169,0.479164423,0.417329094
-0.072342666,0.558641384,-0.734072764,0.127222866
-0.352353068,-0.625376972,-0.690920868,-0.513892026
0.936646465,-0.287503194,-0.086965975,0.380314469
0.099765392,0.371628116,0,0.313843022
-0.031856699,-0.261729971,2.012838647,0.662363652
0.120638794,0.755248336,1.594496587,1.103208826
-0.122766893,0.130224876,-0.76636397,-0.04431151
0.337796312,0.942109437,-0.481354139,0.543056633
-0.095734593,0.053422161,-0.451791219,-0.680665785
-0.334710931,0.53707717,0.138822147,0.785216836
0.124400213,0.256169947,-0.447880565,-0.82314723
0.621683369,0.339648511,1.280059986,0.596807772
1.675772981,0.959597528,-0.063458488,0.689845475
-0.225091972,-0.661334974,-1.031855223,-0.005480954
0.304960966,0.507818548,-0.695075656,0.183622013
0.231136793,0.175606149,-1.561406343,0.240733142
0.514867292,0.295239267,-0.40474758,0
-0.241776084,0.527413222,-2.526223296,0.147367847
0.365312152,0.003050268,2.253648093,-0.149876012
0.246767783,0.091505262,1.096479145,-0.038207521
-0.629467151,-1.090964498,0.654022237,-0.636125369
0.755544939,0.027728995,0.514403292,-0.261024866
0,0.462021807,-0.360933039,0.608815427
0.041269702,0.591734118,-0.037846021,0.076668218
0.202752519,-0.228595812,-0.816701823,0.205203973
0.12920123,-0.036659131,2.24670084,0.251201398
-0.103665018,0.537864434,-0.837333333,-0.789846388
-1.909065434,-1.161164812,-2.086806863,-1.276560698
0.053119309,-1.042563661,-0.565778632,-0.533911738
1.188526967,1.137458433,1.160092807,1.028823842
0.012345298,0.021510002,0.174748799,0.542380386
0.549297948,0.703533026,2.126035761,0.688079707
0,0,0,0
0,0,-0.357638518,0
-0.016222307,1.195887611,0.551775861,0.494765328
-0.28678676,-0.584848211,0.111880661,0.008160157
-0.580940235,0,-0.377840456,0.342698616
0,0,0,0
2.079453618,0,1.944444444,-0.037947578
0.800797331,2.63213755,1.813037099,0.751104965
0.285016637,0.333875018,-0.607308286,-0.04037033
-0.735164887,-0.580128394,-0.699047225,-0.258474462
0.911187307,-0.236959806,-0.05736038,0.43460656
0.6295041,-0.195956177,-0.015652718,0
-0.474596742,-1.389260747,-0.323540156,-1.319679622
-0.398665134,-0.926149391,-0.638710015,-0.452131281
0.982848416,0.267957736,0.511091206,0.065665271
0.318196687,-1.79173373,0.880687775,0.147649906
0.764383538,0.646278487,1.439409686,1.307778415
-0.159702114,-1.090696817,0.712053686,-0.172478844
0.588896419,1.195912155,-0.300101729,1.201339021
0.458650329,-0.144269139,0.214274782,-0.008002774
-0.368244341,-0.098367711,-0.503996335,0.154732686
0.057698579,-0.950798486,-1.038681948,-0.511427202
1.820217958,0.071450761,0.615273254,0.621151272
0.013953412,-0.313538013,0.215827338,-0.638603587
0.520717926,-0.616591928,0.84606707,0.013389749
-0.490262113,0.213072633,0.711852341,-0.002677591
0.754399639,1.206928898,1.130913313,0.018743641
0.281341482,0.367647059,0.893614897,0.642518673
0.386926512,0.960384154,0.153389411,-0.17290453
-0.514452807,-0.301838471,-0.09386888,0.759432957
-1.746882889,-1.47706422,-1.809909999,-0.917673816
0.874695884,0.996368377,0.146051571,0.02402178
0.182528159,0.273526338,-0.261503646,-0.571047365
-1.266771207,-0.524105802,-1.366409519,-0.475027509
0.977818693,-0.089351738,0.230037828,0.213029878
-0.266111446,0.320720387,0.357015352,0.277157388
0.308821168,0.215179367,0.792803781,0.563516342
-0.341530896,0.184043434,-1.356325316,-0.069377735
-0.05189948,0.186767092,0.398691474,0.929238985
-0.119925325,0.247539881,-0.595662356,-0.235462194
-1.485393629,-0.295704661,-0.655569782,-0.705401893
-0.611073882,-0.828594142,-0.376346858,-0.793205673
1.204377563,0.292893479,0.232871041,0.296128789
0.846938903,0.350445742,0.846713821,0.386514924
1.13917413,0.974145325,1.208211744,0.00802139
-0.440494464,0.072811116,-0.809347969,-0.965163222
0.424811275,0.342569575,0.69355908,0.315857675
1.545880307,1.528747092,1.134464421,0.600123792
-0.071171515,-0.169617616,-0.305473484,-0.283558932
0.14767542,0.915106713,1.32610006,0.67335551
-0.081161982,0.44601979,-0.094189966,0.42369494
-0.575431372,-0.505793095,-0.664913412,0.225547949
-0.046106806,0.73594609,0.19981018,-0.481851156
0.323705784,5.093448347,0.104691161,-0.018622469
-1.233372859,-0.898964237,-1.618525896,-1.274546325
-1.187520418,-1.225455672,-1.346494558,-0.964881546
-0.183079034,0.97826707,-0.862024732,-0.952510546
0.070798952,0.502753848,0.631437296,0.021981041
0.639635912,0.564876486,0.930926297,1.140015933
1.049965878,-0.483456293,-0.62678353,-1.004943234
0.59194467,0.631827244,0.764063381,0.680421422
0.493013286,0.599955352,0.111959288,0.637671681
0.28131716,0.16643089,0.132167548,-0.205794747
0.545404197,0.504001551,0.360442685,0.350029848
-1.017035748,0.506984818,-0.12646062,0.23524322
1.409768372,0.803245881,1.489059968,-0.677097383
-0.358676634,-0.514005983,0.209601757,-0.570357696
0.719536432,0.352642082,1.120517928,0.314130405
-0.826924372,-0.836284391,-0.517114011,0.00544603
-0.542961477,0.170315633,1.227722772,0.737896858
0.457950871,0.213903743,0.528169014,0.505446388
0.294311706,-0.164190132,0.719984433,0.271622203
-0.741195562,-1.140257106,-0.309119011,-0.091189486
0.370754202,0.121995176,0.532945736,0.818769966
0,0,0,0
0,0,0,0
0.482641321,-0.462462961,0.322891566,0.079880711
0.588654657,0.19752949,0.586059471,0.234129729
-0.691719559,-0.960710815,-1.022016333,-0.615809311
0.742388721,0.241105722,0.10615199,0.603600235
0.556052463,0.39435044,0.284378464,0.629181268
0.257006679,0.498662804,0.802653081,0.918084685
-1.079565975,-0.0997921,-1.058503791,-0.514992288
0.173028232,-0.074918838,0.52527589,0.396783687
0.462724528,0.746973231,0.311601151,0.952705002
0.528814682,1.243074888,1.146953405,-0.114075342
-0.005884037,-0.705107263,-0.212615167,-0.511329717
-0.952485564,0.578510131,0.478219697,-0.401774067
0.548153546,-0.008177952,-0.268601857,0.044530595
0.047268659,0.760611761,1.03950104,0.353467913
-1.335102446,-1.022727273,-0.355405911,-0.615737842
-0.532328799,-0.196818107,0.750891684,0.228394414
0,0,0,-0.311689672
-1.088809811,-0.416324295,-0.465809577,-0.77771939
0.281485628,-0.676604874,-1.001497566,-0.656710094
0.044086182,-0.542755871,-1.181809587,0
0.132200265,-0.222741953,-0.320512821,-0.762341401
-0.427165807,-1.381292555,0,-0.421702928
0.176789487,-0.353696839,0.081585641,0.566449977
1.151556119,1.002385279,1.409801477,0.700050962
-0.107642196,0.025302932,-0.657272555,-0.4048583
1.276674158,0.691438529,1.009091342,0.548245614
0.245233763,-0.27635105,0.117807832,0.438864803
0,0,0,-0.59848525
0.705886995,0.573827852,0.578932505,0.959079284
-0.403950962,-0.250487058,-0.762787215,-0.300823306
0.870974595,0.092075893,0.429123833,0.296437457
-0.597865935,-1.039779221,-1.230220219,-0.665012931
-0.087884839,-0.073239437,0.522937961,-0.456936401
0.117021068,0.699103569,0.151336013,0.136108887
0,0,0,0
0.377324448,0.324729858,0.717759834,0.215879108
-0.414981537,-0.714325576,-0.74077547,0.412212116
-0.500288402,-0.576134,-0.410939493,-0.768069497
-0.472044105,0.520111937,0.080629862,0.029359169
0.799584755,-0.323387981,0.521302308,-0.229467955
0.252752566,0.662980308,-0.476168026,0.427899016
0.023917629,0.109301869,0.208432023,-0.047933532
0.313206822,0.37793953,0.841448426,0.183833324
-0.89839079,-1.048668247,-1.462591412,-1.422758822
0.667578854,0.786380676,0.894386299,0.593503831
0.710547756,-0.005593154,0.787438702,0.721411714
-0.04667263,0.707573554,-0.009356725,0.35945363
-0.146698315,0.180510428,-0.519346839,-0.198981216
-0.827315841,-0.374230748,-0.677264604,-0.215328176
0.189005462,0.172514539,0.056823563,0.210464621
0.172960847,0.783311575,-0.241362991,-0.135584208
-0.31635162,0.421685087,-0.341572181,-0.085187946
-0.542803727,0.323855528,-1.123435045,-0.684749014
0.614480574,0.872681512,0.341822734,-0.139503689
0.565590436,0.385105633,0.64293254,-0.308948768
0.631100738,-0.051330542,0.991609458,-0.843483885
-0.244341364,0.646015785,-0.240747734,0.43484169
-0.787695466,-0.550557271,-0.018927743,-0.451900961
0.73046477,0.807453416,0.511145819,0.875285419
0.116711536,-0.125907471,-0.230729387,0.393424953
-0.315530962,0.606190655,-0.330375684,0.002684131
0.038981492,0.16529807,0.104176532,-0.311350887
0.48396147,0.380622837,0.605487228,1.251985676
-0.385847352,-1.063293824,-1.316531879,-0.462692124
-0.283401913,0.042881647,-0.938631599,-0.045415687
0.028498815,1.087655379,-0.120244336,0.288654283
0.419945048,0.386918959,0.255224887,0.359779335
-0.429459775,0.580781415,-0.408280897,-0.446120346
-0.506645329,-0.635170604,-1.099643098,-0.552147239
-0.763837942,-0.803000687,-1.028967132,-0.804656278
-2.115833169,-2.058369282,-1.9709288,-1.784603737
0.87682453,-0.595416112,0.281477758,0.71304683
0.315091144,-0.19145561,0.611498171,0.962221858
-0.287760022,0.337060178,-0.722363374,0.462988033
-1.201993316,-2.605489553,-1.630871136,-0.786955936
0.830524405,0.535599114,1.117175942,0.736152989
-1.192934804,-2.861765034,-1.417616789,-1.067845971
0.218776559,1.573537013,1.054193746,0.433384213
0.202880086,0.01130774,-0.597559123,-0.309387467
0.110953185,0.330714003,-0.091701055,0.149729126
-0.218829002,-0.88181434,0.377339248,-0.279982603
0.999659483,-0.676482292,1.391922784,0.945890691
0.508127634,0,0.701437948,0.842514582
0.642930164,3.153617216,0.671675208,0.969365895
0.010316396,0.518781557,-0.504102007,0.469421312
0.286052084,0.157315155,-0.690443076,0.002639706
0.541197042,0.925874897,-0.130045516,0.59919755
-0.266781039,-0.251187681,0.035057845,0.007871743
-0.065887329,-0.279191986,-0.600781015,-0.018365955
-0.150811699,-0.55171278,-0.362647325,-0.194190044
0.652791067,0.195964782,0.121322414,0.528488418
-0.040854006,0.564707179,-0.055538726,0.180467647
-0.073095681,-0.120524831,0,0.185364071
0.991446269,0.663686477,0,0.92510554
-0.456003988,-0.166189892,0.33846931,-0.237548091
0.229633252,0.922388386,1.666498842,0.50469757
-1.080355331,-0.389378617,-0.926063487,-0.285846724
0.98562207,0.792659754,0.859742077,0.490689807
0.105492651,0.333961756,0.148676777,0.421474647
-0.300532372,-0.289901756,-0.019794141,0
0.358985601,0.209982232,-0.118788359,-0.046065259
-0.271104194,-0.800558779,-0.74826561,0.332846865
-0.305087928,-0.270811894,-1.263168406,-0.859979075
-0.563001208,-0.985716613,-0.353964401,-0.447876448
0.151904328,0.230370513,0.32477418,0.434377909
-0.378593884,-0.842750431,-0.283257461,-0.733704047
-0.100841134,0.284224178,0.679719996,0.435695946
0.252159387,-0.195366243,0.574365175,0.374415782
0.402361256,0.295001516,0.430818555,0.149207656
0.274113751,1.280994007,0.773144453,0.457230927
0.747535994,0.265986321,1.079047666,0.135522144
-0.00272504,-0.414162742,-0.195876793,-0.268123899
0.752910032,0.225610916,1.339482852,0.691315035
1.022395326,0.802777175,0.726251574,0.897624981
0.602027156,0.1587387,0.27879254,0.234380907
-0.144853702,-0.878394714,-0.254050427,-0.123202253
-0.199129617,0.002710027,-0.394060262,-0.417893915
0.162520983,0.130077776,0.463163989,0.470207549
0.610940559,0,-0.134466695,-0.25664897
-0.655688056,-1.607621316,-0.596297187,-1.120052471
0.733181413,0.706917893,0.696628126,-0.23471184
0.744490092,0.996940894,1.052125871,0.644418872
0.069843416,0.048678909,0.033279452,-0.063521102
-0.191372478,-0.078388971,0.142578775,0.335604597
-0.164294361,1.076665044,1.219685824,0.184978715
-0.043306508,0.029440103,-0.450112528,0.973771404
1.166014904,0.60735786,0.876036172,0.573618556
0,0.303175363,-0.266131291,-0.376080297
0.706068991,0,0.777117176,0.62
0.035499676,1.116237141,-0.05109862,0.166467899
-0.096480495,0.115373522,0.460122699,0.101699119
-0.642714423,-0.267148582,-0.684709692,-0.651699871
-0.063681696,-0.278368655,-0.517072716,-0.364153343
0.341715359,0.208042557,0.538490354,0.836107843
0.302299931,0.223378535,-0.163010572,0.263151362
0.662759226,0.222880667,1.152267214,0.299601357
-0.502808297,-0.83721417,-0.451966979,-0.651723116
0.459878894,0.079151496,0.315033588,0.439817116
0.370193192,0.26626595,0.919041241,0.272135771
0.224009738,-0.397023637,-0.228812008,0.493449458
-0.436409662,-0.340531123,-0.210989817,-0.39036606
-1.574360519,-0.858209944,-1.227247656,-0.709849157
0.113853126,0.285874589,0.125645679,-0.71988879
0.329985011,0.135869565,0.501952036,0.575086263
0.466034139,0.127703727,-0.554938957,0.072096261
-1.02947106,-0.836986847,-1.148623512,-0.79000323
-0.402915343,-0.238478028,-0.042338994,-0.741204457
0.250682999,0.059090543,0.738893072,0.383460733
-0.045294602,0.289909537,0,-0.76901812
0.319827428,0.350633013,0.079420696,-0.516651893
1.397303946,0.949535901,2.105312296,-0.178203203
0.703934967,0.808497146,1.193251954,0.372344495
-0.403249393,-0.10221733,-0.072286979,-0.896917956
0.295127099,0.013118195,-0.298399494,0.266639319
-0.067708772,0.409233998,0,0.092052777
1.229105932,0.05747727,1.083801923,0.508379317
0.239146165,-0.107055199,-0.533847741,-0.188089368
0.497363397,0.802467522,0.04510193,-0.020372304
0.582174193,1.076133181,0.996303309,0.817605257
-1.139755767,-0.246286462,-0.513324108,0.098529635
0.464481269,0.110588175,0.506999282,0.403826254
-0.555807215,-0.238914864,-0.29909379,-0.384605716
-0.028560273,-0.561378209,0.008954957,-0.227112143
0.151159553,0.55159912,0.980479943,1.64145885
1.121153145,0.22921603,0.957659056,0.893323712
0.289232,-0.346892104,-0.087831013,0.340354166
-0.525524991,-0.8483317,-0.189002681,-0.471929997
1.28209717,1.009024003,0.858728202,0.024696236
0.677108366,0.473726217,1.109025019,0.192583082
0.16217127,-0.730301089,0.125232111,-0.480532282
1.657636694,1.30356221,1.315448978,0.569518386
-0.684992898,-0.354185247,-1.719807586,-0.401329558
0.469993648,0.081828875,-0.701693594,0.148323939
-2.138590327,-2.000613215,-2.259541985,-2.177132701
1.333436892,1.003780472,0.67389655,1.226343679
0.719436993,0.294269489,-0.195052753,0.600757802
-1.888306612,-0.715499048,-1.692280359,-1.318234755
0.373013299,0.062214849,-0.054217684,0.205900816
-1.094859744,-0.53626943,-0.393291443,-0.458566166
0.901707171,0.7787878,0.871380594,0.538717148
-1.149530473,-0.485888556,-1.300278953,-0.355551104
0.2040235,0.612923333,1.148744131,0.969946728
0.376657203,0.175529169,1.343007797,0.823751929
0.37913786,0.239641311,1.325210121,0.649174339
0.301529867,-0.375311689,0.390607856,0.235432607
0,-0.147077796,0.096179068,0.129673126
0,0,0,0
0,0,0.620195667,0
0.531980352,1.354075146,0.138900946,-0.036652413
0.729219857,0.665442864,0.502817512,0.603764361
0,-0.154496872,-0.125075477,0.068032169
0,0,0,0
-2.057588878,0,-2.534870665,-1.483549836
1.504886894,-0.053269748,1.143110323,0.79114704
0.940885564,-0.413695084,1.046959874,0.415698741
-0.479551588,-0.022936949,-0.216759873,-0.674540363
0.964420062,0.560809605,1.29903984,0.213298029
1.12290295,0.539937641,0.750557557,-0.012232416
-0.711004566,-0.474005345,-0.919501086,-0.743821874
1.405098412,0.711860972,1.452201933,1.249815116
0.746081886,0.203747956,1.727861771,1.482725878
-0.076539861,-0.100411688,-0.586986387,-0.223117893
0.65713441,0.691024224,0.829145729,0.928130034
0.358797378,0.319433006,0.718498214,0.243001787
-0.255415099,-0.258712903,-0.783472846,-0.325593555
0.049013234,0.339194413,0.157931923,0.035765379
0.865476262,2.294250702,1.352753226,0.562507448
0.35187651,1.108033241,0.769703173,0
-1.799307275,-0.853160298,-1.259497014,-0.007110521
0.332592377,0.043631075,0.201621199,-0.161183275
1.19363085,1.332590313,1.954664915,0.603038936
-1.001231726,-0.301269636,-0.716932496,-0.705621372
0.688136894,0.944912104,1.545638945,0.496732026
0.633410412,1.499132831,0.539331229,1.120991392
0.888830365,0.248115725,-0.317889216,-0.420973853
0.090710347,0.319884188,-0.219245794,0.072807553
1.540352341,0.209472827,1.526107627,0.483465934
0.322660391,0.099872256,0.672883957,-0.364358286
1.170642413,1.11606107,1.528298937,0.98220774
0.770554445,0.60579637,-0.080846968,-0.002321371
0.179865148,0.549688662,-0.512445095,-0.07892843
0.612887559,0.809817621,0.666124472,0
1.427899633,-0.175513602,1.119532182,0.529702855
-0.236116996,0.628902464,-0.03804596,0.32123131
0.34254902,1.128981676,0.270229124,-0.073715734
-0.903904549,-0.529393523,-0.645283735,-0.126792383
-0.674439695,0.774934865,-0.867239733,0.579368926
-0.372385511,0.117114131,-0.755356868,-0.029834305
0.209565574,-0.183190607,-0.481515999,-0.443056863
-0.722893823,-1.311221669,0.199001093,-0.131433315
1.657218853,0.911901775,1.549904591,0.314007989
0.361236369,0.779324585,-0.210913832,-0.354454853
0.849301391,-0.425203789,1.045269387,0.228674382
-0.352626979,-0.71022413,-0.821480186,-0.712112832
-0.070529647,-0.612799715,-0.287598742,-0.027853214
2.649797161,1.201766777,1.976694997,1.174804393
0.907598899,0.739969426,0.546819022,0.055074925
0.625101838,1.277737459,1.226464631,0.899061948
0.675980039,0.731781464,0.348290044,0.477348669
0.212311121,0.980835974,0.033231178,0.386851571
0.121980757,-0.155836393,-0.848959102,0.155496462
-1.415059969,-0.019242693,-1.656615293,-0.490515942
-0.431054872,-1.417817886,-0.363402355,-0.560768796
1.082896354,0.570511291,0.512898446,0.604861632
-1.973392396,-1.719080281,-2.162080435,-1.152724725
-1.423986623,-0.803248107,-0.556328234,-0.377289461
0.490334662,0.336290626,0.885780886,-0.564634594
-1.775407476,-2.033031245,-1.659735059,-1.710447348
1.277783082,1.089378559,1.307906175,-0.077499354
0.427243867,0.13359161,-0.301495883,-0.940114694
2.191020932,1.363040046,1.744659404,1.326278827
1.904928399,1.357873031,0.929771749,0.721193247
-0.912706951,0.837571691,0.302034961,0.265023829
0,0,0,0
0,0,0,0
-3.708224882,-3.380408654,-2.819287085,-1.502469336
-2.149043414,-0.288779794,-1.994732357,-0.270709258
0.058549833,-0.552498496,-0.624431886,-0.519284332
0.701253105,0.17025471,0.139192682,0.52199497
3.320197197,2.60538969,2.156473392,0.828494548
-0.437960135,-0.117698344,0.260467286,-0.056183721
1.100618065,1.141273513,1.496704149,0.538730003
-0.361987185,-0.17907614,-0.366748166,0.486918435
-0.994458,-0.484156832,-1.280674847,-0.985347306
-0.654366662,-0.388775466,-0.330148373,-0.444891938
2.175574371,1.245012319,2.123845524,0.825552132
-0.644651941,-0.383339794,0.01526368,0.181953905
0.425984454,0.866914562,-0.221289584,0.100125739
-0.017847582,0.715862572,-2.584888345,0.26983647
-0.975544448,0.872507501,-0.977390485,0.4222248
0.615609255,0.257378536,-0.317120545,0.401968258
0.536594106,0.606022347,0.751580705,0.95718
0.879748847,1.150362887,0.244711083,0.018232787
-1.145888844,-1.319244846,-0.137806126,-0.428392389
0.458367212,0.440039394,0.551985175,0.457697325
1.568355391,1.289299647,2.062502451,0.990956102
0.356990653,0.87536817,1.406123939,0.063159794
0,0,0,0.202885482
1.541262736,1.141375368,0.598598219,0.238470191
2.137160993,1.536287474,0.65905924,0
-0.481533728,-0.819150628,-0.781951512,1.42966155
-0.311961043,0.553283618,-0.324295788,0.402717235
0,0,0,0.945454545
-0.119860351,-0.225279107,-0.355616086,1.102523797
1.696191282,0.755290027,2.247617601,0.835690686
-0.94207295,0.826970749,0.983996138,0.458283365
0.822635975,0.985405767,2.022356229,-0.087401407
-0.660987524,0.144128703,0.050457724,-0.121615567
0.12370787,0.307291363,0.298991354,0.271297958
0,0,0,-1.037516777
-1.486582653,-1.483276781,-1.192400244,-0.811590459
2.394630567,1.920881716,1.283123114,0.748779164
-0.693256305,-0.042482524,-1.6042205,0.211115898
1.294386145,0.088864848,0.773242879,0.214970549
1.314016545,0.303030303,-3.916175033,0
-0.105741951,-0.128927974,0.964327419,0.424728646
-1.059357292,-1.096339114,-3.622728799,-0.087576897
0.242100039,-0.019481405,-0.154846702,-0.111170497
-1.998415571,-1.76341069,0.182227047,-1.091539499
0.945061793,2.150111076,0.681140911,-1.265877567
1.645812479,1.110679612,0.884105324,-0.109581836
-0.109421461,0.601090797,0.415317203,-0.015358287
0.903989769,0.242435812,2.105942172,0.419126199
0.43234001,1.310176722,1.055408971,1.503430794
-0.862579144,0.917293233,-1.217225021,0.897739505
0.069508615,-0.12852034,-0.819000819,1.128725969
0.019339936,-0.994050616,1.201111028,-0.312262638
1.77811306,1.047357119,2.377420073,0.689976295
0.406993546,0.380299019,1.746187009,0.54021104
-0.062627086,-0.419715485,-0.448638063,-0.794463841
-0.769062565,-0.300261097,-1.191029722,-1.325577965
0.25207058,1.105520118,-0.394555853,-0.538208534
1.259864471,1.948196115,-0.436094051,-0.070861069
0.290663815,0.93461336,0.635106034,-1.284999033
-1.049216849,0.467474559,0.184976969,-0.39400074
0.327572363,-0.209384731,0.818188401,0.448009091
1.554079025,1.547676692,2.966101695,0.950764746
0.016756032,0.13245267,0.913719746,0.385775862
-0.2680516,0.536164659,-0.08985347,-0.37785268
-1.12942004,-1.398172026,-1.131096506,-0.769346809
1.803875345,0.608475963,2.998285694,2.686443991
0.85244756,0.344839782,-1.171875,0.488547681
1.866824562,2.301605484,0.945179584,1.690028202
0.17767715,0.716635945,-0.085120872,-0.39116667
1.434605357,1.718977166,0.449821094,-0.043633644
0.668190391,1.103077182,-0.607253113,-1.085081173
-0.077665567,-0.59042677,0.709946071,0.0819586
-0.653593148,-1.534188821,-0.728665356,0.113388208
1.840950845,-1.425561559,0.426752245,0.664876882
1.666298505,0.763595622,0,1.206375664
-0.060595965,-0.018816928,0.309355453,0.862601392
2.029383914,1.416668092,1.264106822,1.324679036
-0.468310885,-0.998734711,-0.983935743,-0.306192337
-1.711977659,-2.235741186,-2.768201176,-1.450798141
0.194097688,-2.0323857,-0.09038134,-1.466005085
3.808732452,1.007027844,1.635294527,0.853153547
2.028555207,3.396100122,2.820855157,0.573586151
-1.466422795,-0.352646553,-0.998834693,-0.237973125
1.11144029,-0.037611981,1.762233059,-0.234428016
0.727016349,0.701214298,-0.122277669,0.228795218
-0.513601345,-0.77955163,0.04632387,0.287911817
1.849372958,1.496037384,1.511443313,1.039658779
-1.191837906,-0.527869129,0.2085166,-0.401842794
-1.555775482,0,-0.851838606,-0.167091187
-0.795023265,-2.156590146,-1.872438105,-0.073479885
0.542940151,-0.100502513,-0.277369336,1.325653124
0.887453593,0.8135017,1.77607989,1.322420675
1.46256516,1.892603362,0.632182016,1.205682225
-1.936956875,-0.967562182,-1.963158067,-1.091059212
-0.210947629,-0.668394489,-0.430530988,0.011925347
1.02373562,-0.295248558,0.509485822,0.872433872
-3.208444984,-2.174437022,-2.487827653,-1.422435872
-0.980160772,-1.805670439,-0.075239398,-0.245823007
-2.811087038,-1.451742988,0,-2.514375013
0.072591899,-1.689551696,-1.769457184,-0.632989436
2.693264388,3.228133787,2.303055643,1.638055843
1.467145533,1.971290837,1.467883659,0.899434292
-1.108202628,-0.37433437,-0.741784983,0.395288803
-2.727114899,-3.404600621,-1.792235899,-1.544797107
-0.327372657,-0.034698126,-0.192824186,0
-2.037161955,-2.020497269,-1.010832816,-0.301973026
-0.04181586,0.863274477,0.083644094,0.421586886
-2.36972167,-3.554791482,-1.507817669,-1.253337138
0.573711394,-0.011500201,-2.047093763,-0.575803855
2.092459035,1.050472521,1.274138242,1.093928386
3.135331263,3.338708148,4.112908974,1.683709088
-1.578521448,0.570904084,-0.109544023,0.498768224
0.770531716,-0.009126419,0.308430432,0.289336736
-0.481747581,1.000346836,-0.085411684,0.058101096
1.412717155,-0.498834246,0.56077962,-0.180209042
-0.646049873,-1.093491726,-0.720867762,-0.696060339
-1.865481646,-1.623477989,-1.544679248,-0.915059085
-3.420059583,-1.416917132,-1.078410909,-1.027481041
-2.406792383,0.020830177,-0.334083556,-0.135947928
1.9206608,0.753516727,2.275854769,1.128253785
3.26034428,1.805813932,1.448975367,1.49911277
-0.631930906,2.44748791,0.115622662,0.73748091
0.846253816,1.416114154,1.168478261,0.660270092
-0.52397079,-0.319772606,-0.040290089,-0.443898379
2.856848754,1.677062912,1.353620852,1.033082527
-0.123997706,0.443462867,-0.672742336,-0.949622712
1.446317853,0.036646656,0.884158548,0.988562904
-1.108661873,-1.140863498,-0.605218772,-0.230441976
0.734726293,0.873462618,-0.658814135,3.174415161
-0.449083333,-0.433824301,0.113879957,-0.114803972
0.932097986,-0.319758249,0.645700903,0.457828094
2.601512916,1.429427524,1.549047635,1.390107166
0.074830283,1.221610162,-0.091656028,-0.394952136
0,1.785407725,1.372825268,0.655199109
1.410632956,-0.53297352,-0.517129929,-0.577774443
-0.351797705,-0.85630956,-0.441845354,0.105660377
-1.014351226,-0.420735775,-1.315102467,-0.81988842
-2.049960163,-1.547498411,-2.096491518,-0.841869216
-0.366035714,-0.570461603,-0.189144459,0.182069071
1.456315342,1.636985701,1.617542554,1.392688386
-0.237617951,0.750932192,-0.013320457,-0.022641082
-1.105752237,-0.349536521,-0.34304746,-0.664288815
-0.448589701,-0.156467615,0.023394158,0.459752645
-2.427998612,-0.95060963,-1.166093087,-0.317706462
0.496152288,0.445093539,-0.382014875,-1.140179469
2.536585366,1.483417573,1.466046764,0.285933602
-1.141050745,-1.01826741,-1.063580722,-1.47534396
-3.599637321,-2.608905431,-3.421114905,-3.055080796
0.12725142,0.667044128,-0.276523504,-0.426725433
-2.764075309,-2.741892961,-2.786942787,-2.605528953
-5.829947383,-4.586608837,-4.271374928,-1.762141839
4.415350729,3.774835691,6.287481613,2.447743618
-1.517866056,-1.972987771,-2.785663591,-1.434787963
0.127504748,1.792995587,-0.007300602,0.841333639
2.506087392,2.092478783,1.777826452,1.32375111
-1.635509768,-0.777554823,-0.469870875,-0.183433882
1.495191291,1.144776281,1.711773397,0.222567076
-0.71614702,-0.789060268,-1.438492063,-0.906627549
-2.582671715,-2.137690287,-2.685311669,-2.045725564
0.349627764,0.387967492,0,0.892051298
0.17219321,0.443247797,0,-0.272530582
-0.998985217,-0.909936359,-0.465442725,-1.529090264
0.120622694,-0.29076187,0.230098348,-0.199135666
-0.683155319,0.346978701,-0.066649387,0.653789004
3.809446099,2.35423947,2.745563007,2.640347547
0.718681797,0.165318958,0.346195456,-0.443805219
0.852206215,-0.044849485,0.287500898,-0.315763404
1.416337796,1.412495289,1.096538379,1.62108445
0.256879147,1.329109444,1.435559336,1.576888599
-2.785705407,-1.393764737,-2.068700423,-1.748967066
0.470760158,0.364879466,-0.578055308,-0.716531254
1.994472928,1.270670455,0.911603201,0.569548679
0.892300092,0.594252653,0.615286126,-0.044978737
0.255176087,0.060633359,0.897843761,-1.16997341
3.873033776,1.717481258,2.24565583,1.862659878
-0.715476791,0.762540212,-0.185026555,1.133731562
-0.533395176,0.047298096,-0.367306306,-0.138621022
2.09029218,0.790180154,0.416896362,2.245156618
0.771446155,0.66169696,-0.150969291,1.192373532
0.389569184,1.436179065,0.769732999,0.865270567
-0.499270462,0.129608059,0.917306053,-0.198558044
-1.682059071,-0.763533884,-0.919105224,-0.89625466
-2.429130129,-0.574579797,-3.536593684,-1.847701093
1.125550825,-0.051479624,0.063637971,0.18467404
-0.808240458,-0.533337764,0.282655549,1.518274796
3.008875475,1.772291451,2.603671212,1.593189894
0.102642935,0.482544685,-0.648993888,-0.242149364
0.200983495,-0.114339851,0.041475132,-0.433459197
-2.584003536,-2.047390885,-2.473656936,-2.865545731
1.730800054,0.99166931,1.657869567,-0.03983905
0.175734571,-0.076041856,-0.404223438,0.629707863
0,0.033086836,0.559812463,-0.710919244
0,0,0,0
0,0,0.034793501,0
3.223730216,2.376502886,2.23992209,1.964538583
-0.977960722,1.247092272,1.224698078,0.389249667
0,-0.033505648,0.78642245,0.062350213
0,0,0,0
3.31463201,0,1.32715329,1.129393438
1.20591524,2.098794988,1.12219041,1.328583807
-1.288219246,-0.332968579,-1.142280656,0.036104513
-0.460315822,0.224289098,-1.020508938,-0.765519337
-1.067746856,-0.935837246,-1.722819037,0.248846691
-1.301692736,-1.238507472,-1.187857457,-1.886540261
-2.433130789,-3.034326114,-1.962463182,-1.352587432
0.371737322,1.768364098,1.411353712,0.297900884
-0.110843106,-0.316081241,0.582176444,0.452408584
-0.125198714,-0.021138899,0.445235975,1.153341558
1.836134312,2.041148248,1.476404801,1.883541755
1.75061192,1.05833599,0.366251134,0.199502195
0.484376639,0.900574096,0.713090057,0.087226942
-1.400194394,-0.095349746,-0.339061929,-0.111780531
-0.275263677,-0.552304659,-0.316867349,-0.364167441
-0.391858959,0.549078838,-0.749514823,-1.36490834
1.046383841,0.312940072,1.156361675,1.076929015
1.165167333,0.202776478,1.716380603,1.701290766
1.604244622,1.318493151,1.18938401,0.869271352
1.350879873,0.333399911,1.473302464,0.926925511
-0.044999134,0.799338479,1.222158402,0.66575686
1.96622195,1.601191019,0.485482803,2.573967207
-0.015452948,0.488935407,0.028235294,0.246472584
-0.440035503,-0.175576949,-0.693137624,-0.302879133
-0.322226534,0.940541669,0.73587468,0.189427785
0.938656913,1.256645009,0.849636318,0.415596461
-0.382418871,-0.418544283,0.130568595,-0.511572553
0.864243422,0.474488899,0.46260362,0.22139299
-0.135128613,1.031949627,0.129797886,-0.096200096
-0.946521221,-1.09065728,-1.891975309,-0.987892081
0.28939741,0.625729288,0.283134615,0.536695182
0.290552403,0.092768412,1.173259717,0.673557494
2.025328736,1.23383488,1.717776193,1.594334419
-0.340578551,-0.34761462,0.03657979,0.243453893
-0.66310179,-0.186615371,-0.947679556,-0.085613447
0.042566382,0.481792556,0.366086261,0
0.602876263,-0.008587745,0.337164751,-0.274547521
-0.132518989,-0.588311075,-0.342141439,-0.908325735
2.172416414,1.73362131,2.633111608,1.665192001
-0.187051767,0.752965154,1.457499552,0.342900907
-0.040887776,0.484645857,0.732999706,0.043366639
1.869676556,1.676196334,0.724743564,0.924175958
-0.460095114,-0.185618039,-0.922621638,-0.221626636
-1.451796572,-1.776981886,-0.983923395,-1.28450161
-0.300606329,-0.746090737,0.428829149,-0.654096388
1.845214929,1.694148899,2.573767595,1.532762132
1.389545028,-0.134774635,1.225884244,0.622525031
0.483133805,0.820869565,-0.124790834,0.164979635
0.210006966,0.416752915,0.50830612,0.022304195
-0.488235258,-0.12093394,-0.361643216,-0.600363649
0.693785689,0.826923871,0.38564056,-0.215710637
0.684490091,-0.911572052,1.641150218,0.048423638
0.821919484,-0.34016416,1.750826779,0.860832138
-0.75537161,-1.438540731,-0.240351788,1.17739807
0.842611362,0.159833997,0.991101985,1.597330442
1.924277411,2.193510457,0.005421964,-0.693576085
-0.615044914,0.554756524,-0.238553498,-0.156137199
1.001569564,0.904508922,1.586913399,0.617117875
0.982949441,0.873450873,2.145245419,-0.265721878
-1.664603755,-0.752131262,-0.913923587,-1.042260129
0.753628952,1.542631373,0.697711296,0.570644812
0.05901044,0.0796781,-0.262453415,-0.461333827
0.539656679,0.652840253,1.976211778,0.343375226
0.747461867,0.395491398,0.206435631,1.439600823
0.850769665,0.30595496,1.354518065,0.584950811
1.453551237,1.14023145,-0.099087883,0.188342585
1.742756437,1.317645841,1.393692777,0.685993206
-0.677529841,-1.065447066,-2.094411558,-0.193258869
-0.797036351,-2.016967318,-0.753208823,-0.636691828
0.852421047,0.474427063,0.531763856,0.830690976
0,0,0,0
0,0,0,0
1.049084663,0.508912527,-0.688149955,-0.022930145
-0.162817298,-0.608124861,0.436952194,-0.491472944
-1.23655593,-1.525675197,-0.996241569,-1.187007129
0.635937857,-0.618658418,0.408226943,-1.329556814
1.52629336,0.622509626,0.62409364,0.538651177
-0.63111024,-1.746643378,-0.651105335,0.015115635
-1.144813726,-0.816924726,-0.6553725,-0.401343409
-0.935756398,-0.593796604,-0.338974212,-0.556389203
-2.245100778,-0.456954098,-0.873865153,-0.579847748
-2.754635119,-2.472242578,-2.620951778,-2.4130698
2.162228072,1.794853619,2.379790752,1.471410597
-0.529850045,0.859319508,-1.350206502,0.456377226
3.096699319,2.203871966,3.802801782,1.632065283
0,0,0,1.400064099
1.84155246,3.234523198,2.880115825,0
-2.089831858,-0.583708512,-0.849395622,-0.412556352
0.735142168,0.192201364,0.05069066,0.098555082
-1.894343751,-0.982813896,-0.879037365,-0.907816568
2.046897417,0.678078556,0,0.53553385
1.482560842,1.191496092,2.415150276,0.979932326
-0.76522552,-0.653858678,-0.529034512,-1.187731201
1.208970915,-0.583430572,0.812824565,0.271962664
0.03946396,-0.42464525,-0.161751897,-0.408511778
0.748030837,-0.413212195,-0.54336989,-0.516096495
-1.304875413,-1.968242147,-1.125256879,-1.54787252
1.821597931,1.516672545,0.899804831,0.885654457
1.351038412,0.168377165,1.685590836,0.503589778
0,0,0,0.47736737
0.284340766,0.625683716,0.046937918,0.336949929
1.126001096,1.516698265,1.45439281,0
0.8481062,0.976871139,0.17523791,0.253542884
-3.067613021,-1.272649672,-2.39315824,-1.683219723
0.740458909,-0.373354294,-0.062229303,-0.134578038
0.901157723,0.671926364,0.655059902,0.14328847
0,0,0,-0.558706798
0.482995291,0.018286073,1.133326735,0.075369568
1.013462086,0.245510937,1.526792268,0.960238262
-0.621230334,-1.086460925,-0.732636044,-0.637461006
2.129561243,1.403943157,1.604758437,1.475907726
1.088257129,0.570166894,0.465938687,1.521698922
-0.229477886,-0.343518351,-0.064215383,-0.298121832
0.440786522,-0.831951068,0.159451677,-0.538223861
0,-2.015001437,-1.59197833,-2.253064769
-2.894872069,-1.080230449,-2.192389415,-1.413071337
-0.889663917,-1.007091434,-1.123234917,-0.937640819
0.725107682,0.626472551,0.199735351,0.244939378
2.15450459,2.35494742,1.983405178,1.797650837
-0.921845153,-0.987742473,-0.99196169,-0.353181203
-0.802651721,0.408653846,-0.616933593,-1.101151047
0.068920063,-0.09044237,-0.216025625,-0.62107479
1.77457592,1.504299901,1.154630966,1.043344304
0.627311537,0.565260728,1.50799508,0.56999307
1.76889565,1.653647022,1.878195962,0.930248583
-0.275705316,0.284808909,0.283077216,0.315758931
1.077252495,0.831531681,0.770927723,0.120801715
-1.548772863,0.00126873,-1.052210348,-0.883677458
1.175658997,1.981730525,1.360770786,1.498499786
-0.090685914,0.113209425,-0.201844767,0.680754742
0.953405079,0.642451505,1.22998048,0.473138485
-0.325256439,0.827262625,0.155654679,0.031728007
0.569162883,-0.073475386,0.510310594,0.218686877
0.719726634,0.823529412,0.156931527,0.103274811
-0.299889182,-0.269836639,-0.476969515,-0.6639377
0.006665733,-0.153564899,-1.453972958,-0.70020269
0.36775733,-0.616424979,0,0.511142226
1.304764324,0.474090814,0,2.383270115
0.06883102,-0.273821894,2.065125458,0.840956034
0.031116425,-0.387345093,0.31765762,-0.564090059
0.898166339,1.989786501,0.697551685,0.935129479
0.376935384,1.35855795,-0.446621853,0.080984775
-0.032168947,0.133320636,-1.071207856,-0.749312186
-1.665399977,-0.847598669,-2.359963906,-2.333393122
-0.613210417,-1.336818253,0.374398711,-0.223721117
-0.053608479,-0.285568464,-0.720035884,-1.403902145
-3.082982098,-2.522636704,-1.567032863,-0.953787146
0.224960926,1.178941578,-0.413093369,-0.005140419
-0.660926592,0.119856666,0.407529594,0.142225573
1.331162481,1.268712898,1.410900657,1.13961089
-0.76426478,0.414356224,-0.483609682,-1.246891231
-1.481098548,-1.217306875,-1.970172121,-0.467706013
-0.964259366,0.380872813,-1.15018315,-1.266846825
-1.817371081,-2.778389758,-1.766347983,-1.806105193
-1.543251104,-1.221170309,-0.196157328,-0.681757656
1.269871132,1.359893961,1.846998942,1.54269677
-2.463060347,-2.912145255,-2.533461986,-1.633687768
-3.198466055,-3.540854519,-2.373397639,-2.770420216
1.913814044,2.142885914,2.592303692,0.541157414
-0.592358556,-0.72165626,0.152064272,-1.147889129
2.216420823,1.637846569,1.095730951,1.027872951
